<?xml version="1.0" encoding="utf-8"?>
<P4WTimetable xmlns:xsi="http://www.w3.org/2001/XMLSchema-instance" xmlns:xsd="http://www.w3.org/2001/XMLSchema">
  <Type>L</Type>
  <Path>Ultra/140929_150426/Ultra_75_140929_150426.xml</Path>
  <FromDate>2014-09-29</FromDate>
  <ToDate>2015-04-26</ToDate>
  <TableName nr="75">75</TableName>
  <ValidText>Giltig 2014-09-29 - 2015-04-26</ValidText>
  <Revision>Skapad 2014-09-19 13:41:31</Revision>
  <Directions>
    <Direction>
      <Head>Innertavle - Vasaplan</Head>
      <Cols>
        <Col pos="0">
          <StopName print="1">Hästhagsvägen</StopName>
          <AccessR>0</AccessR>
          <AccessS>0</AccessS>
          <AccessH>0</AccessH>
        </Col>
        <Col pos="1">
          <StopName print="1">Vasaplan</StopName>
          <AccessR>0</AccessR>
          <AccessS>0</AccessS>
          <AccessH>0</AccessH>
        </Col>
      </Cols>
      <DayTypes>
        <DayType>
          <DayName>måndag-fredag</DayName>
          <Rows>
            <Row>
              <LineNo>75</LineNo>
              <Dir>1</Dir>
              <CallTrip>0</CallTrip>
              <Times>
                <Time pos="0">
                  <DepArrTime lsT="1">06:05:00</DepArrTime>
                </Time>
                <Time pos="1">
                  <DepArrTime lsT="1">06:33:00</DepArrTime>
                </Time>
              </Times>
              <TripFootnotes>
                <TripFootnote>
                  <TripFootnoteId>A</TripFootnoteId>
                </TripFootnote>
              </TripFootnotes>
            </Row>
          </Rows>
        </DayType>
        <DayType>
          <DayName>måndag-fredag</DayName>
          <Rows>
            <Row>
              <LineNo>75</LineNo>
              <Dir>1</Dir>
              <CallTrip>0</CallTrip>
              <Times>
                <Time pos="0">
                  <DepArrTime lsT="1">06:45:00</DepArrTime>
                </Time>
                <Time pos="1">
                  <DepArrTime lsT="1">07:13:00</DepArrTime>
                </Time>
              </Times>
            </Row>
          </Rows>
        </DayType>
        <DayType>
          <DayName>måndag-fredag</DayName>
          <Rows>
            <Row>
              <LineNo>75</LineNo>
              <Dir>1</Dir>
              <CallTrip>0</CallTrip>
              <Times>
                <Time pos="0">
                  <DepArrTime lsT="1">07:05:00</DepArrTime>
                </Time>
                <Time pos="1">
                  <DepArrTime lsT="1">07:33:00</DepArrTime>
                </Time>
              </Times>
              <TripFootnotes>
                <TripFootnote>
                  <TripFootnoteId>A</TripFootnoteId>
                </TripFootnote>
              </TripFootnotes>
            </Row>
          </Rows>
        </DayType>
        <DayType>
          <DayName>måndag-fredag</DayName>
          <Rows>
            <Row>
              <LineNo>75</LineNo>
              <Dir>1</Dir>
              <CallTrip>0</CallTrip>
              <Times>
                <Time pos="0">
                  <DepArrTime lsT="1">07:20:00</DepArrTime>
                </Time>
                <Time pos="1">
                  <DepArrTime lsT="1">07:52:00</DepArrTime>
                </Time>
              </Times>
              <TripFootnotes>
                <TripFootnote>
                  <TripFootnoteId>A</TripFootnoteId>
                </TripFootnote>
              </TripFootnotes>
            </Row>
          </Rows>
        </DayType>
        <DayType>
          <DayName>måndag-fredag</DayName>
          <Rows>
            <Row>
              <LineNo>75</LineNo>
              <Dir>1</Dir>
              <CallTrip>0</CallTrip>
              <Times>
                <Time pos="0">
                  <DepArrTime lsT="1">07:35:00</DepArrTime>
                </Time>
                <Time pos="1">
                  <DepArrTime lsT="1">08:07:00</DepArrTime>
                </Time>
              </Times>
              <TripFootnotes>
                <TripFootnote>
                  <TripFootnoteId>A</TripFootnoteId>
                </TripFootnote>
              </TripFootnotes>
            </Row>
          </Rows>
        </DayType>
        <DayType>
          <DayName>måndag-fredag</DayName>
          <Rows>
            <Row>
              <LineNo>75</LineNo>
              <Dir>1</Dir>
              <CallTrip>0</CallTrip>
              <Times>
                <Time pos="0">
                  <DepArrTime lsT="1">08:35:00</DepArrTime>
                </Time>
                <Time pos="1">
                  <DepArrTime lsT="1">09:07:00</DepArrTime>
                </Time>
              </Times>
              <TripFootnotes>
                <TripFootnote>
                  <TripFootnoteId>A</TripFootnoteId>
                </TripFootnote>
              </TripFootnotes>
            </Row>
          </Rows>
        </DayType>
      </DayTypes>
      <Footnotes>
        <Footnote>
          <FootnoteId>A</FootnoteId>
          <FootnoteText>Turen forts. från Vasaplan som linje 3 till Regementet</FootnoteText>
        </Footnote>
      </Footnotes>
    </Direction>
    <Direction>
      <Head>Vasaplan - Innertavle</Head>
      <Cols>
        <Col pos="0">
          <StopName print="1">Vasaplan</StopName>
          <AccessR>0</AccessR>
          <AccessS>0</AccessS>
          <AccessH>0</AccessH>
        </Col>
        <Col pos="1">
          <StopName print="1">Hästhagsvägen</StopName>
          <AccessR>0</AccessR>
          <AccessS>0</AccessS>
          <AccessH>0</AccessH>
        </Col>
      </Cols>
      <DayTypes>
        <DayType>
          <DayName>måndag-fredag</DayName>
          <Rows>
            <Row>
              <LineNo>75</LineNo>
              <Dir>2</Dir>
              <CallTrip>0</CallTrip>
              <Times>
                <Time pos="0">
                  <DepArrTime lsT="1">14:15:00</DepArrTime>
                </Time>
                <Time pos="1">
                  <DepArrTime lsT="1">14:42:00</DepArrTime>
                </Time>
              </Times>
            </Row>
          </Rows>
        </DayType>
        <DayType>
          <DayName>måndag-fredag</DayName>
          <Rows>
            <Row>
              <LineNo>75</LineNo>
              <Dir>2</Dir>
              <CallTrip>0</CallTrip>
              <Times>
                <Time pos="0">
                  <DepArrTime lsT="1">14:45:00</DepArrTime>
                </Time>
                <Time pos="1">
                  <DepArrTime lsT="1">15:12:00</DepArrTime>
                </Time>
              </Times>
            </Row>
          </Rows>
        </DayType>
        <DayType>
          <DayName>måndag-fredag</DayName>
          <Rows>
            <Row>
              <LineNo>75</LineNo>
              <Dir>2</Dir>
              <CallTrip>0</CallTrip>
              <Times>
                <Time pos="0">
                  <DepArrTime lsT="1">15:15:00</DepArrTime>
                </Time>
                <Time pos="1">
                  <DepArrTime lsT="1">15:42:00</DepArrTime>
                </Time>
              </Times>
            </Row>
          </Rows>
        </DayType>
        <DayType>
          <DayName>måndag-fredag</DayName>
          <Rows>
            <Row>
              <LineNo>75</LineNo>
              <Dir>2</Dir>
              <CallTrip>0</CallTrip>
              <Times>
                <Time pos="0">
                  <DepArrTime lsT="1">15:45:00</DepArrTime>
                </Time>
                <Time pos="1">
                  <DepArrTime lsT="1">16:14:00</DepArrTime>
                </Time>
              </Times>
            </Row>
          </Rows>
        </DayType>
        <DayType>
          <DayName>måndag-fredag</DayName>
          <Rows>
            <Row>
              <LineNo>75</LineNo>
              <Dir>2</Dir>
              <CallTrip>0</CallTrip>
              <Times>
                <Time pos="0">
                  <DepArrTime lsT="1">16:15:00</DepArrTime>
                </Time>
                <Time pos="1">
                  <DepArrTime lsT="1">16:44:00</DepArrTime>
                </Time>
              </Times>
            </Row>
          </Rows>
        </DayType>
        <DayType>
          <DayName>måndag-fredag</DayName>
          <Rows>
            <Row>
              <LineNo>75</LineNo>
              <Dir>2</Dir>
              <CallTrip>0</CallTrip>
              <Times>
                <Time pos="0">
                  <DepArrTime lsT="1">16:45:00</DepArrTime>
                </Time>
                <Time pos="1">
                  <DepArrTime lsT="1">17:14:00</DepArrTime>
                </Time>
              </Times>
            </Row>
          </Rows>
        </DayType>
        <DayType>
          <DayName>måndag-fredag</DayName>
          <Rows>
            <Row>
              <LineNo>75</LineNo>
              <Dir>2</Dir>
              <CallTrip>0</CallTrip>
              <Times>
                <Time pos="0">
                  <DepArrTime lsT="1">17:15:00</DepArrTime>
                </Time>
                <Time pos="1">
                  <DepArrTime lsT="1">17:44:00</DepArrTime>
                </Time>
              </Times>
            </Row>
          </Rows>
        </DayType>
      </DayTypes>
    </Direction>
  </Directions>
</P4WTimetable>