<?xml version="1.0" encoding="utf-8"?>
<P4WTimetable xmlns:xsi="http://www.w3.org/2001/XMLSchema-instance" xmlns:xsd="http://www.w3.org/2001/XMLSchema">
  <Type>L</Type>
  <Path>Ultra/140929_150426/Ultra_73_140929_150426.xml</Path>
  <FromDate>2014-09-29</FromDate>
  <ToDate>2015-04-26</ToDate>
  <TableName nr="73">73</TableName>
  <ValidText>Giltig 2014-09-29 - 2015-04-26</ValidText>
  <Revision>Skapad 2014-09-19 13:41:28</Revision>
  <Directions>
    <Direction>
      <Head>Röbäck - Universitetet</Head>
      <Cols>
        <Col pos="0">
          <StopName print="1">Mantelvägen</StopName>
          <AccessR>0</AccessR>
          <AccessS>0</AccessS>
          <AccessH>0</AccessH>
        </Col>
        <Col pos="1">
          <StopName print="1">IKSU-hallen</StopName>
          <AccessR>0</AccessR>
          <AccessS>0</AccessS>
          <AccessH>0</AccessH>
        </Col>
      </Cols>
      <DayTypes>
        <DayType>
          <DayName>måndag-fredag</DayName>
          <Rows>
            <Row>
              <LineNo>73</LineNo>
              <Dir>1</Dir>
              <CallTrip>0</CallTrip>
              <Times>
                <Time pos="0">
                  <DepArrTime lsT="1">06:10:00</DepArrTime>
                </Time>
                <Time pos="1">
                  <DepArrTime lsT="1">06:38:00</DepArrTime>
                </Time>
              </Times>
              <TripFootnotes>
                <TripFootnote>
                  <TripFootnoteId>A</TripFootnoteId>
                </TripFootnote>
              </TripFootnotes>
            </Row>
          </Rows>
        </DayType>
        <DayType>
          <DayName>måndag-fredag</DayName>
          <Rows>
            <Row>
              <LineNo>73</LineNo>
              <Dir>1</Dir>
              <CallTrip>0</CallTrip>
              <Times>
                <Time pos="0">
                  <DepArrTime lsT="1">07:22:00</DepArrTime>
                </Time>
                <Time pos="1">
                  <DepArrTime lsT="1">07:53:00</DepArrTime>
                </Time>
              </Times>
              <TripFootnotes>
                <TripFootnote>
                  <TripFootnoteId>A</TripFootnoteId>
                </TripFootnote>
              </TripFootnotes>
            </Row>
          </Rows>
        </DayType>
      </DayTypes>
      <Footnotes>
        <Footnote>
          <FootnoteId>A</FootnoteId>
          <FootnoteText>Turen avslutas på hpl IKSU-hallen</FootnoteText>
        </Footnote>
      </Footnotes>
    </Direction>
  </Directions>
</P4WTimetable>