<?xml version="1.0" encoding="utf-8"?>
<P4WTimetable xmlns:xsi="http://www.w3.org/2001/XMLSchema-instance" xmlns:xsd="http://www.w3.org/2001/XMLSchema">
  <Type>L</Type>
  <Path>Ultra/140929_150426/Ultra_80_140929_150426.xml</Path>
  <FromDate>2014-09-29</FromDate>
  <ToDate>2015-04-26</ToDate>
  <TableName nr="80">80</TableName>
  <ValidText>Giltig 2014-09-29 - 2015-04-26</ValidText>
  <Revision>Skapad 2014-09-19 13:41:41</Revision>
  <Directions>
    <Direction>
      <Head>Vasaplan - Umeå Airport</Head>
      <Cols>
        <Col pos="0">
          <StopName print="1">Vasaplan</StopName>
          <AccessR>0</AccessR>
          <AccessS>0</AccessS>
          <AccessH>0</AccessH>
        </Col>
        <Col pos="1">
          <StopName print="1">Universitetssjukhuset</StopName>
          <AccessR>0</AccessR>
          <AccessS>0</AccessS>
          <AccessH>0</AccessH>
        </Col>
        <Col pos="2">
          <StopName print="1">Umeå Airport</StopName>
          <AccessR>0</AccessR>
          <AccessS>0</AccessS>
          <AccessH>0</AccessH>
        </Col>
      </Cols>
      <DayTypes>
        <DayType>
          <DayName>måndag-fredag</DayName>
          <Rows>
            <Row>
              <LineNo>80</LineNo>
              <Dir>1</Dir>
              <CallTrip>0</CallTrip>
              <Times>
                <Time pos="0">
                  <DepArrTime lsT="1">05:45:00</DepArrTime>
                </Time>
                <Time pos="1">
                  <DepArrTime lsT="1">05:50:00</DepArrTime>
                </Time>
                <Time pos="2">
                  <DepArrTime lsT="1">06:00:00</DepArrTime>
                </Time>
              </Times>
              <TripFootnotes>
                <TripFootnote>
                  <TripFootnoteId>A</TripFootnoteId>
                </TripFootnote>
              </TripFootnotes>
            </Row>
          </Rows>
        </DayType>
        <DayType>
          <DayName>måndag-fredag</DayName>
          <Rows>
            <Row>
              <LineNo>80</LineNo>
              <Dir>1</Dir>
              <CallTrip>0</CallTrip>
              <Times>
                <Time pos="0">
                  <DepArrTime lsT="1">06:10:00</DepArrTime>
                </Time>
                <Time pos="1">
                  <DepArrTime lsT="1">06:15:00</DepArrTime>
                </Time>
                <Time pos="2">
                  <DepArrTime lsT="1">06:25:00</DepArrTime>
                </Time>
              </Times>
              <TripFootnotes>
                <TripFootnote>
                  <TripFootnoteId>A</TripFootnoteId>
                </TripFootnote>
              </TripFootnotes>
            </Row>
          </Rows>
        </DayType>
        <DayType>
          <DayName>måndag-fredag</DayName>
          <Rows>
            <Row>
              <LineNo>80</LineNo>
              <Dir>1</Dir>
              <CallTrip>0</CallTrip>
              <Times>
                <Time pos="0">
                  <DepArrTime lsT="1">06:35:00</DepArrTime>
                </Time>
                <Time pos="1">
                  <DepArrTime lsT="1">06:40:00</DepArrTime>
                </Time>
                <Time pos="2">
                  <DepArrTime lsT="1">06:50:00</DepArrTime>
                </Time>
              </Times>
              <TripFootnotes>
                <TripFootnote>
                  <TripFootnoteId>A</TripFootnoteId>
                </TripFootnote>
              </TripFootnotes>
            </Row>
          </Rows>
        </DayType>
        <DayType>
          <DayName>måndag-fredag</DayName>
          <Rows>
            <Row>
              <LineNo>80</LineNo>
              <Dir>1</Dir>
              <CallTrip>0</CallTrip>
              <Times>
                <Time pos="0">
                  <DepArrTime lsT="1">08:20:00</DepArrTime>
                </Time>
                <Time pos="1">
                  <DepArrTime lsT="1">08:25:00</DepArrTime>
                </Time>
                <Time pos="2">
                  <DepArrTime lsT="1">08:35:00</DepArrTime>
                </Time>
              </Times>
              <TripFootnotes>
                <TripFootnote>
                  <TripFootnoteId>A</TripFootnoteId>
                </TripFootnote>
              </TripFootnotes>
            </Row>
          </Rows>
        </DayType>
        <DayType>
          <DayName>måndag-fredag</DayName>
          <Rows>
            <Row>
              <LineNo>80</LineNo>
              <Dir>1</Dir>
              <CallTrip>0</CallTrip>
              <Times>
                <Time pos="0">
                  <DepArrTime lsT="1">08:40:00</DepArrTime>
                </Time>
                <Time pos="1">
                  <DepArrTime lsT="1">08:45:00</DepArrTime>
                </Time>
                <Time pos="2">
                  <DepArrTime lsT="1">08:55:00</DepArrTime>
                </Time>
              </Times>
              <TripFootnotes>
                <TripFootnote>
                  <TripFootnoteId>A</TripFootnoteId>
                </TripFootnote>
              </TripFootnotes>
            </Row>
          </Rows>
        </DayType>
        <DayType>
          <DayName>måndag-fredag</DayName>
          <Rows>
            <Row>
              <LineNo>80</LineNo>
              <Dir>1</Dir>
              <CallTrip>0</CallTrip>
              <Times>
                <Time pos="0">
                  <DepArrTime lsT="1">09:00:00</DepArrTime>
                </Time>
                <Time pos="1">
                  <DepArrTime lsT="1">09:05:00</DepArrTime>
                </Time>
                <Time pos="2">
                  <DepArrTime lsT="1">09:15:00</DepArrTime>
                </Time>
              </Times>
              <TripFootnotes>
                <TripFootnote>
                  <TripFootnoteId>A</TripFootnoteId>
                </TripFootnote>
              </TripFootnotes>
            </Row>
          </Rows>
        </DayType>
        <DayType>
          <DayName>måndag-fredag</DayName>
          <Rows>
            <Row>
              <LineNo>80</LineNo>
              <Dir>1</Dir>
              <CallTrip>0</CallTrip>
              <Times>
                <Time pos="0">
                  <DepArrTime lsT="1">09:20:00</DepArrTime>
                </Time>
                <Time pos="1">
                  <DepArrTime lsT="1">09:25:00</DepArrTime>
                </Time>
                <Time pos="2">
                  <DepArrTime lsT="1">09:35:00</DepArrTime>
                </Time>
              </Times>
              <TripFootnotes>
                <TripFootnote>
                  <TripFootnoteId>A</TripFootnoteId>
                </TripFootnote>
              </TripFootnotes>
            </Row>
          </Rows>
        </DayType>
        <DayType>
          <DayName>måndag-fredag</DayName>
          <Rows>
            <Row>
              <LineNo>80</LineNo>
              <Dir>1</Dir>
              <CallTrip>0</CallTrip>
              <Times>
                <Time pos="0">
                  <DepArrTime lsT="1">09:40:00</DepArrTime>
                </Time>
                <Time pos="1">
                  <DepArrTime lsT="1">09:45:00</DepArrTime>
                </Time>
                <Time pos="2">
                  <DepArrTime lsT="1">09:55:00</DepArrTime>
                </Time>
              </Times>
              <TripFootnotes>
                <TripFootnote>
                  <TripFootnoteId>A</TripFootnoteId>
                </TripFootnote>
              </TripFootnotes>
            </Row>
          </Rows>
        </DayType>
        <DayType>
          <DayName>måndag-fredag</DayName>
          <Rows>
            <Row>
              <LineNo>80</LineNo>
              <Dir>1</Dir>
              <CallTrip>0</CallTrip>
              <Times>
                <Time pos="0">
                  <DepArrTime lsT="1">09:55:00</DepArrTime>
                </Time>
                <Time pos="1">
                  <DepArrTime lsT="1">10:00:00</DepArrTime>
                </Time>
                <Time pos="2">
                  <DepArrTime lsT="1">10:10:00</DepArrTime>
                </Time>
              </Times>
              <TripFootnotes>
                <TripFootnote>
                  <TripFootnoteId>A</TripFootnoteId>
                </TripFootnote>
              </TripFootnotes>
            </Row>
          </Rows>
        </DayType>
        <DayType>
          <DayName>måndag-fredag</DayName>
          <Rows>
            <Row>
              <LineNo>80</LineNo>
              <Dir>1</Dir>
              <CallTrip>0</CallTrip>
              <Times>
                <Time pos="0">
                  <DepArrTime lsT="1">10:40:00</DepArrTime>
                </Time>
                <Time pos="1">
                  <DepArrTime lsT="1">10:45:00</DepArrTime>
                </Time>
                <Time pos="2">
                  <DepArrTime lsT="1">10:55:00</DepArrTime>
                </Time>
              </Times>
              <TripFootnotes>
                <TripFootnote>
                  <TripFootnoteId>A</TripFootnoteId>
                </TripFootnote>
              </TripFootnotes>
            </Row>
          </Rows>
        </DayType>
        <DayType>
          <DayName>måndag-fredag</DayName>
          <Rows>
            <Row>
              <LineNo>80</LineNo>
              <Dir>1</Dir>
              <CallTrip>0</CallTrip>
              <Times>
                <Time pos="0">
                  <DepArrTime lsT="1">12:00:00</DepArrTime>
                </Time>
                <Time pos="1">
                  <DepArrTime lsT="1">12:05:00</DepArrTime>
                </Time>
                <Time pos="2">
                  <DepArrTime lsT="1">12:15:00</DepArrTime>
                </Time>
              </Times>
              <TripFootnotes>
                <TripFootnote>
                  <TripFootnoteId>A</TripFootnoteId>
                </TripFootnote>
              </TripFootnotes>
            </Row>
          </Rows>
        </DayType>
        <DayType>
          <DayName>måndag-fredag</DayName>
          <Rows>
            <Row>
              <LineNo>80</LineNo>
              <Dir>1</Dir>
              <CallTrip>0</CallTrip>
              <Times>
                <Time pos="0">
                  <DepArrTime lsT="1">12:55:00</DepArrTime>
                </Time>
                <Time pos="1">
                  <DepArrTime lsT="1">13:00:00</DepArrTime>
                </Time>
                <Time pos="2">
                  <DepArrTime lsT="1">13:10:00</DepArrTime>
                </Time>
              </Times>
              <TripFootnotes>
                <TripFootnote>
                  <TripFootnoteId>A</TripFootnoteId>
                </TripFootnote>
              </TripFootnotes>
            </Row>
          </Rows>
        </DayType>
        <DayType>
          <DayName>måndag-fredag</DayName>
          <Rows>
            <Row>
              <LineNo>80</LineNo>
              <Dir>1</Dir>
              <CallTrip>0</CallTrip>
              <Times>
                <Time pos="0">
                  <DepArrTime lsT="1">13:25:00</DepArrTime>
                </Time>
                <Time pos="1">
                  <DepArrTime lsT="1">13:30:00</DepArrTime>
                </Time>
                <Time pos="2">
                  <DepArrTime lsT="1">13:40:00</DepArrTime>
                </Time>
              </Times>
              <TripFootnotes>
                <TripFootnote>
                  <TripFootnoteId>A</TripFootnoteId>
                </TripFootnote>
              </TripFootnotes>
            </Row>
          </Rows>
        </DayType>
        <DayType>
          <DayName>måndag-fredag</DayName>
          <Rows>
            <Row>
              <LineNo>80</LineNo>
              <Dir>1</Dir>
              <CallTrip>0</CallTrip>
              <Times>
                <Time pos="0">
                  <DepArrTime lsT="1">14:00:00</DepArrTime>
                </Time>
                <Time pos="1">
                  <DepArrTime lsT="1">14:05:00</DepArrTime>
                </Time>
                <Time pos="2">
                  <DepArrTime lsT="1">14:15:00</DepArrTime>
                </Time>
              </Times>
              <TripFootnotes>
                <TripFootnote>
                  <TripFootnoteId>A</TripFootnoteId>
                </TripFootnote>
              </TripFootnotes>
            </Row>
          </Rows>
        </DayType>
        <DayType>
          <DayName>måndag-fredag</DayName>
          <Rows>
            <Row>
              <LineNo>80</LineNo>
              <Dir>1</Dir>
              <CallTrip>0</CallTrip>
              <Times>
                <Time pos="0">
                  <DepArrTime lsT="1">14:40:00</DepArrTime>
                </Time>
                <Time pos="1">
                  <DepArrTime lsT="1">14:45:00</DepArrTime>
                </Time>
                <Time pos="2">
                  <DepArrTime lsT="1">14:55:00</DepArrTime>
                </Time>
              </Times>
              <TripFootnotes>
                <TripFootnote>
                  <TripFootnoteId>A</TripFootnoteId>
                </TripFootnote>
              </TripFootnotes>
            </Row>
          </Rows>
        </DayType>
        <DayType>
          <DayName>måndag-fredag</DayName>
          <Rows>
            <Row>
              <LineNo>80</LineNo>
              <Dir>1</Dir>
              <CallTrip>0</CallTrip>
              <Times>
                <Time pos="0">
                  <DepArrTime lsT="1">15:20:00</DepArrTime>
                </Time>
                <Time pos="1">
                  <DepArrTime lsT="1">15:25:00</DepArrTime>
                </Time>
                <Time pos="2">
                  <DepArrTime lsT="1">15:35:00</DepArrTime>
                </Time>
              </Times>
              <TripFootnotes>
                <TripFootnote>
                  <TripFootnoteId>A</TripFootnoteId>
                </TripFootnote>
              </TripFootnotes>
            </Row>
          </Rows>
        </DayType>
        <DayType>
          <DayName>måndag-fredag</DayName>
          <Rows>
            <Row>
              <LineNo>80</LineNo>
              <Dir>1</Dir>
              <CallTrip>0</CallTrip>
              <Times>
                <Time pos="0">
                  <DepArrTime lsT="1">15:40:00</DepArrTime>
                </Time>
                <Time pos="1">
                  <DepArrTime lsT="1">15:45:00</DepArrTime>
                </Time>
                <Time pos="2">
                  <DepArrTime lsT="1">15:55:00</DepArrTime>
                </Time>
              </Times>
              <TripFootnotes>
                <TripFootnote>
                  <TripFootnoteId>A</TripFootnoteId>
                </TripFootnote>
              </TripFootnotes>
            </Row>
          </Rows>
        </DayType>
        <DayType>
          <DayName>måndag-fredag</DayName>
          <Rows>
            <Row>
              <LineNo>80</LineNo>
              <Dir>1</Dir>
              <CallTrip>0</CallTrip>
              <Times>
                <Time pos="0">
                  <DepArrTime lsT="1">16:00:00</DepArrTime>
                </Time>
                <Time pos="1">
                  <DepArrTime lsT="1">16:05:00</DepArrTime>
                </Time>
                <Time pos="2">
                  <DepArrTime lsT="1">16:15:00</DepArrTime>
                </Time>
              </Times>
              <TripFootnotes>
                <TripFootnote>
                  <TripFootnoteId>A</TripFootnoteId>
                </TripFootnote>
              </TripFootnotes>
            </Row>
          </Rows>
        </DayType>
        <DayType>
          <DayName>måndag-fredag</DayName>
          <Rows>
            <Row>
              <LineNo>80</LineNo>
              <Dir>1</Dir>
              <CallTrip>0</CallTrip>
              <Times>
                <Time pos="0">
                  <DepArrTime lsT="1">16:20:00</DepArrTime>
                </Time>
                <Time pos="1">
                  <DepArrTime lsT="1">16:25:00</DepArrTime>
                </Time>
                <Time pos="2">
                  <DepArrTime lsT="1">16:35:00</DepArrTime>
                </Time>
              </Times>
              <TripFootnotes>
                <TripFootnote>
                  <TripFootnoteId>A</TripFootnoteId>
                </TripFootnote>
              </TripFootnotes>
            </Row>
          </Rows>
        </DayType>
        <DayType>
          <DayName>måndag-fredag</DayName>
          <Rows>
            <Row>
              <LineNo>80</LineNo>
              <Dir>1</Dir>
              <CallTrip>0</CallTrip>
              <Times>
                <Time pos="0">
                  <DepArrTime lsT="1">16:40:00</DepArrTime>
                </Time>
                <Time pos="1">
                  <DepArrTime lsT="1">16:45:00</DepArrTime>
                </Time>
                <Time pos="2">
                  <DepArrTime lsT="1">16:55:00</DepArrTime>
                </Time>
              </Times>
              <TripFootnotes>
                <TripFootnote>
                  <TripFootnoteId>A</TripFootnoteId>
                </TripFootnote>
              </TripFootnotes>
            </Row>
          </Rows>
        </DayType>
        <DayType>
          <DayName>måndag-fredag</DayName>
          <Rows>
            <Row>
              <LineNo>80</LineNo>
              <Dir>1</Dir>
              <CallTrip>0</CallTrip>
              <Times>
                <Time pos="0">
                  <DepArrTime lsT="1">17:00:00</DepArrTime>
                </Time>
                <Time pos="1">
                  <DepArrTime lsT="1">17:05:00</DepArrTime>
                </Time>
                <Time pos="2">
                  <DepArrTime lsT="1">17:15:00</DepArrTime>
                </Time>
              </Times>
              <TripFootnotes>
                <TripFootnote>
                  <TripFootnoteId>A</TripFootnoteId>
                </TripFootnote>
              </TripFootnotes>
            </Row>
          </Rows>
        </DayType>
        <DayType>
          <DayName>måndag-fredag</DayName>
          <Rows>
            <Row>
              <LineNo>80</LineNo>
              <Dir>1</Dir>
              <CallTrip>0</CallTrip>
              <Times>
                <Time pos="0">
                  <DepArrTime lsT="1">17:20:00</DepArrTime>
                </Time>
                <Time pos="1">
                  <DepArrTime lsT="1">17:25:00</DepArrTime>
                </Time>
                <Time pos="2">
                  <DepArrTime lsT="1">17:35:00</DepArrTime>
                </Time>
              </Times>
              <TripFootnotes>
                <TripFootnote>
                  <TripFootnoteId>A</TripFootnoteId>
                </TripFootnote>
              </TripFootnotes>
            </Row>
          </Rows>
        </DayType>
        <DayType>
          <DayName>måndag-fredag</DayName>
          <Rows>
            <Row>
              <LineNo>80</LineNo>
              <Dir>1</Dir>
              <CallTrip>0</CallTrip>
              <Times>
                <Time pos="0">
                  <DepArrTime lsT="1">17:40:00</DepArrTime>
                </Time>
                <Time pos="1">
                  <DepArrTime lsT="1">17:45:00</DepArrTime>
                </Time>
                <Time pos="2">
                  <DepArrTime lsT="1">17:55:00</DepArrTime>
                </Time>
              </Times>
              <TripFootnotes>
                <TripFootnote>
                  <TripFootnoteId>A</TripFootnoteId>
                </TripFootnote>
              </TripFootnotes>
            </Row>
          </Rows>
        </DayType>
        <DayType>
          <DayName>måndag-fredag</DayName>
          <Rows>
            <Row>
              <LineNo>80</LineNo>
              <Dir>1</Dir>
              <CallTrip>0</CallTrip>
              <Times>
                <Time pos="0">
                  <DepArrTime lsT="1">18:00:00</DepArrTime>
                </Time>
                <Time pos="1">
                  <DepArrTime lsT="1">18:05:00</DepArrTime>
                </Time>
                <Time pos="2">
                  <DepArrTime lsT="1">18:15:00</DepArrTime>
                </Time>
              </Times>
              <TripFootnotes>
                <TripFootnote>
                  <TripFootnoteId>A</TripFootnoteId>
                </TripFootnote>
              </TripFootnotes>
            </Row>
          </Rows>
        </DayType>
        <DayType>
          <DayName>måndag-fredag</DayName>
          <Rows>
            <Row>
              <LineNo>80</LineNo>
              <Dir>1</Dir>
              <CallTrip>0</CallTrip>
              <Times>
                <Time pos="0">
                  <DepArrTime lsT="1">18:20:00</DepArrTime>
                </Time>
                <Time pos="1">
                  <DepArrTime lsT="1">18:25:00</DepArrTime>
                </Time>
                <Time pos="2">
                  <DepArrTime lsT="1">18:35:00</DepArrTime>
                </Time>
              </Times>
              <TripFootnotes>
                <TripFootnote>
                  <TripFootnoteId>A</TripFootnoteId>
                </TripFootnote>
              </TripFootnotes>
            </Row>
          </Rows>
        </DayType>
        <DayType>
          <DayName>måndag-fredag</DayName>
          <Rows>
            <Row>
              <LineNo>80</LineNo>
              <Dir>1</Dir>
              <CallTrip>0</CallTrip>
              <Times>
                <Time pos="0">
                  <DepArrTime lsT="1">18:50:00</DepArrTime>
                </Time>
                <Time pos="1">
                  <DepArrTime lsT="1">18:55:00</DepArrTime>
                </Time>
                <Time pos="2">
                  <DepArrTime lsT="1">19:05:00</DepArrTime>
                </Time>
              </Times>
              <TripFootnotes>
                <TripFootnote>
                  <TripFootnoteId>A</TripFootnoteId>
                </TripFootnote>
              </TripFootnotes>
            </Row>
          </Rows>
        </DayType>
        <DayType>
          <DayName>måndag-fredag</DayName>
          <Rows>
            <Row>
              <LineNo>80</LineNo>
              <Dir>1</Dir>
              <CallTrip>0</CallTrip>
              <Times>
                <Time pos="0">
                  <DepArrTime lsT="1">19:05:00</DepArrTime>
                </Time>
                <Time pos="1">
                  <DepArrTime lsT="1">19:10:00</DepArrTime>
                </Time>
                <Time pos="2">
                  <DepArrTime lsT="1">19:20:00</DepArrTime>
                </Time>
              </Times>
              <TripFootnotes>
                <TripFootnote>
                  <TripFootnoteId>A</TripFootnoteId>
                </TripFootnote>
              </TripFootnotes>
            </Row>
          </Rows>
        </DayType>
        <DayType>
          <DayName>måndag-fredag</DayName>
          <Rows>
            <Row>
              <LineNo>80</LineNo>
              <Dir>1</Dir>
              <CallTrip>0</CallTrip>
              <Times>
                <Time pos="0">
                  <DepArrTime lsT="1">19:20:00</DepArrTime>
                </Time>
                <Time pos="1">
                  <DepArrTime lsT="1">19:25:00</DepArrTime>
                </Time>
                <Time pos="2">
                  <DepArrTime lsT="1">19:35:00</DepArrTime>
                </Time>
              </Times>
              <TripFootnotes>
                <TripFootnote>
                  <TripFootnoteId>A</TripFootnoteId>
                </TripFootnote>
              </TripFootnotes>
            </Row>
          </Rows>
        </DayType>
        <DayType>
          <DayName>måndag-fredag</DayName>
          <Rows>
            <Row>
              <LineNo>80</LineNo>
              <Dir>1</Dir>
              <CallTrip>0</CallTrip>
              <Times>
                <Time pos="0">
                  <DepArrTime lsT="1">21:45:00</DepArrTime>
                </Time>
                <Time pos="1">
                  <DepArrTime lsT="1">21:50:00</DepArrTime>
                </Time>
                <Time pos="2">
                  <DepArrTime lsT="1">22:00:00</DepArrTime>
                </Time>
              </Times>
              <TripFootnotes>
                <TripFootnote>
                  <TripFootnoteId>A</TripFootnoteId>
                </TripFootnote>
              </TripFootnotes>
            </Row>
          </Rows>
        </DayType>
        <DayType>
          <DayName>måndag-fredag</DayName>
          <Rows>
            <Row>
              <LineNo>80</LineNo>
              <Dir>1</Dir>
              <CallTrip>0</CallTrip>
              <Times>
                <Time pos="0">
                  <DepArrTime lsT="1">22:15:00</DepArrTime>
                </Time>
                <Time pos="1">
                  <DepArrTime lsT="1">22:20:00</DepArrTime>
                </Time>
                <Time pos="2">
                  <DepArrTime lsT="1">22:30:00</DepArrTime>
                </Time>
              </Times>
              <TripFootnotes>
                <TripFootnote>
                  <TripFootnoteId>A</TripFootnoteId>
                </TripFootnote>
              </TripFootnotes>
            </Row>
          </Rows>
        </DayType>
        <DayType>
          <DayName>måndag-fredag</DayName>
          <Rows>
            <Row>
              <LineNo>80</LineNo>
              <Dir>1</Dir>
              <CallTrip>0</CallTrip>
              <Times>
                <Time pos="0">
                  <DepArrTime lsT="1">22:45:00</DepArrTime>
                </Time>
                <Time pos="1">
                  <DepArrTime lsT="1">22:50:00</DepArrTime>
                </Time>
                <Time pos="2">
                  <DepArrTime lsT="1">23:00:00</DepArrTime>
                </Time>
              </Times>
              <TripFootnotes>
                <TripFootnote>
                  <TripFootnoteId>A</TripFootnoteId>
                </TripFootnote>
              </TripFootnotes>
            </Row>
          </Rows>
        </DayType>
        <DayType>
          <DayName>måndag-torsdag</DayName>
          <Rows>
            <Row>
              <LineNo>80</LineNo>
              <Dir>1</Dir>
              <CallTrip>0</CallTrip>
              <Times>
                <Time pos="0">
                  <DepArrTime lsT="1">00:10:00</DepArrTime>
                </Time>
                <Time pos="1">
                  <DepArrTime lsT="1">00:15:00</DepArrTime>
                </Time>
                <Time pos="2">
                  <DepArrTime lsT="1">00:25:00</DepArrTime>
                </Time>
              </Times>
              <TripFootnotes>
                <TripFootnote>
                  <TripFootnoteId>A</TripFootnoteId>
                </TripFootnote>
                <TripFootnote>
                  <TripFootnoteId>B</TripFootnoteId>
                </TripFootnote>
              </TripFootnotes>
            </Row>
          </Rows>
        </DayType>
        <DayType>
          <DayName>lördag</DayName>
          <Rows>
            <Row>
              <LineNo>80</LineNo>
              <Dir>1</Dir>
              <CallTrip>0</CallTrip>
              <Times>
                <Time pos="0">
                  <DepArrTime lsT="1">07:05:00</DepArrTime>
                </Time>
                <Time pos="1">
                  <DepArrTime lsT="1">07:10:00</DepArrTime>
                </Time>
                <Time pos="2">
                  <DepArrTime lsT="1">07:20:00</DepArrTime>
                </Time>
              </Times>
              <TripFootnotes>
                <TripFootnote>
                  <TripFootnoteId>A</TripFootnoteId>
                </TripFootnote>
              </TripFootnotes>
            </Row>
          </Rows>
        </DayType>
        <DayType>
          <DayName>lördag</DayName>
          <Rows>
            <Row>
              <LineNo>80</LineNo>
              <Dir>1</Dir>
              <CallTrip>0</CallTrip>
              <Times>
                <Time pos="0">
                  <DepArrTime lsT="1">07:45:00</DepArrTime>
                </Time>
                <Time pos="1">
                  <DepArrTime lsT="1">07:50:00</DepArrTime>
                </Time>
                <Time pos="2">
                  <DepArrTime lsT="1">08:00:00</DepArrTime>
                </Time>
              </Times>
              <TripFootnotes>
                <TripFootnote>
                  <TripFootnoteId>A</TripFootnoteId>
                </TripFootnote>
              </TripFootnotes>
            </Row>
          </Rows>
        </DayType>
        <DayType>
          <DayName>lördag</DayName>
          <Rows>
            <Row>
              <LineNo>80</LineNo>
              <Dir>1</Dir>
              <CallTrip>0</CallTrip>
              <Times>
                <Time pos="0">
                  <DepArrTime lsT="1">10:30:00</DepArrTime>
                </Time>
                <Time pos="1">
                  <DepArrTime lsT="1">10:35:00</DepArrTime>
                </Time>
                <Time pos="2">
                  <DepArrTime lsT="1">10:45:00</DepArrTime>
                </Time>
              </Times>
              <TripFootnotes>
                <TripFootnote>
                  <TripFootnoteId>A</TripFootnoteId>
                </TripFootnote>
              </TripFootnotes>
            </Row>
          </Rows>
        </DayType>
        <DayType>
          <DayName>lördag</DayName>
          <Rows>
            <Row>
              <LineNo>80</LineNo>
              <Dir>1</Dir>
              <CallTrip>0</CallTrip>
              <Times>
                <Time pos="0">
                  <DepArrTime lsT="1">11:30:00</DepArrTime>
                </Time>
                <Time pos="1">
                  <DepArrTime lsT="1">11:35:00</DepArrTime>
                </Time>
                <Time pos="2">
                  <DepArrTime lsT="1">11:45:00</DepArrTime>
                </Time>
              </Times>
              <TripFootnotes>
                <TripFootnote>
                  <TripFootnoteId>A</TripFootnoteId>
                </TripFootnote>
              </TripFootnotes>
            </Row>
          </Rows>
        </DayType>
        <DayType>
          <DayName>lördag</DayName>
          <Rows>
            <Row>
              <LineNo>80</LineNo>
              <Dir>1</Dir>
              <CallTrip>0</CallTrip>
              <Times>
                <Time pos="0">
                  <DepArrTime lsT="1">13:20:00</DepArrTime>
                </Time>
                <Time pos="1">
                  <DepArrTime lsT="1">13:25:00</DepArrTime>
                </Time>
                <Time pos="2">
                  <DepArrTime lsT="1">13:35:00</DepArrTime>
                </Time>
              </Times>
              <TripFootnotes>
                <TripFootnote>
                  <TripFootnoteId>A</TripFootnoteId>
                </TripFootnote>
              </TripFootnotes>
            </Row>
          </Rows>
        </DayType>
        <DayType>
          <DayName>lördag</DayName>
          <Rows>
            <Row>
              <LineNo>80</LineNo>
              <Dir>1</Dir>
              <CallTrip>0</CallTrip>
              <Times>
                <Time pos="0">
                  <DepArrTime lsT="1">14:10:00</DepArrTime>
                </Time>
                <Time pos="1">
                  <DepArrTime lsT="1">14:15:00</DepArrTime>
                </Time>
                <Time pos="2">
                  <DepArrTime lsT="1">14:25:00</DepArrTime>
                </Time>
              </Times>
              <TripFootnotes>
                <TripFootnote>
                  <TripFootnoteId>A</TripFootnoteId>
                </TripFootnote>
              </TripFootnotes>
            </Row>
          </Rows>
        </DayType>
        <DayType>
          <DayName>lördag</DayName>
          <Rows>
            <Row>
              <LineNo>80</LineNo>
              <Dir>1</Dir>
              <CallTrip>0</CallTrip>
              <Times>
                <Time pos="0">
                  <DepArrTime lsT="1">16:50:00</DepArrTime>
                </Time>
                <Time pos="1">
                  <DepArrTime lsT="1">16:55:00</DepArrTime>
                </Time>
                <Time pos="2">
                  <DepArrTime lsT="1">17:05:00</DepArrTime>
                </Time>
              </Times>
              <TripFootnotes>
                <TripFootnote>
                  <TripFootnoteId>A</TripFootnoteId>
                </TripFootnote>
              </TripFootnotes>
            </Row>
          </Rows>
        </DayType>
        <DayType>
          <DayName>lördag</DayName>
          <Rows>
            <Row>
              <LineNo>80</LineNo>
              <Dir>1</Dir>
              <CallTrip>0</CallTrip>
              <Times>
                <Time pos="0">
                  <DepArrTime lsT="1">19:55:00</DepArrTime>
                </Time>
                <Time pos="1">
                  <DepArrTime lsT="1">20:00:00</DepArrTime>
                </Time>
                <Time pos="2">
                  <DepArrTime lsT="1">20:10:00</DepArrTime>
                </Time>
              </Times>
              <TripFootnotes>
                <TripFootnote>
                  <TripFootnoteId>A</TripFootnoteId>
                </TripFootnote>
              </TripFootnotes>
            </Row>
          </Rows>
        </DayType>
        <DayType>
          <DayName>söndag</DayName>
          <Rows>
            <Row>
              <LineNo>80</LineNo>
              <Dir>1</Dir>
              <CallTrip>0</CallTrip>
              <Times>
                <Time pos="0">
                  <DepArrTime lsT="1">07:20:00</DepArrTime>
                </Time>
                <Time pos="1">
                  <DepArrTime lsT="1">07:25:00</DepArrTime>
                </Time>
                <Time pos="2">
                  <DepArrTime lsT="1">07:35:00</DepArrTime>
                </Time>
              </Times>
              <TripFootnotes>
                <TripFootnote>
                  <TripFootnoteId>A</TripFootnoteId>
                </TripFootnote>
              </TripFootnotes>
            </Row>
          </Rows>
        </DayType>
        <DayType>
          <DayName>söndag</DayName>
          <Rows>
            <Row>
              <LineNo>80</LineNo>
              <Dir>1</Dir>
              <CallTrip>0</CallTrip>
              <Times>
                <Time pos="0">
                  <DepArrTime lsT="1">09:05:00</DepArrTime>
                </Time>
                <Time pos="1">
                  <DepArrTime lsT="1">09:10:00</DepArrTime>
                </Time>
                <Time pos="2">
                  <DepArrTime lsT="1">09:20:00</DepArrTime>
                </Time>
              </Times>
              <TripFootnotes>
                <TripFootnote>
                  <TripFootnoteId>A</TripFootnoteId>
                </TripFootnote>
              </TripFootnotes>
            </Row>
          </Rows>
        </DayType>
        <DayType>
          <DayName>söndag</DayName>
          <Rows>
            <Row>
              <LineNo>80</LineNo>
              <Dir>1</Dir>
              <CallTrip>0</CallTrip>
              <Times>
                <Time pos="0">
                  <DepArrTime lsT="1">09:55:00</DepArrTime>
                </Time>
                <Time pos="1">
                  <DepArrTime lsT="1">10:00:00</DepArrTime>
                </Time>
                <Time pos="2">
                  <DepArrTime lsT="1">10:10:00</DepArrTime>
                </Time>
              </Times>
              <TripFootnotes>
                <TripFootnote>
                  <TripFootnoteId>A</TripFootnoteId>
                </TripFootnote>
              </TripFootnotes>
            </Row>
          </Rows>
        </DayType>
        <DayType>
          <DayName>söndag</DayName>
          <Rows>
            <Row>
              <LineNo>80</LineNo>
              <Dir>1</Dir>
              <CallTrip>0</CallTrip>
              <Times>
                <Time pos="0">
                  <DepArrTime lsT="1">12:30:00</DepArrTime>
                </Time>
                <Time pos="1">
                  <DepArrTime lsT="1">12:35:00</DepArrTime>
                </Time>
                <Time pos="2">
                  <DepArrTime lsT="1">12:45:00</DepArrTime>
                </Time>
              </Times>
              <TripFootnotes>
                <TripFootnote>
                  <TripFootnoteId>A</TripFootnoteId>
                </TripFootnote>
              </TripFootnotes>
            </Row>
          </Rows>
        </DayType>
        <DayType>
          <DayName>söndag</DayName>
          <Rows>
            <Row>
              <LineNo>80</LineNo>
              <Dir>1</Dir>
              <CallTrip>0</CallTrip>
              <Times>
                <Time pos="0">
                  <DepArrTime lsT="1">13:00:00</DepArrTime>
                </Time>
                <Time pos="1">
                  <DepArrTime lsT="1">13:05:00</DepArrTime>
                </Time>
                <Time pos="2">
                  <DepArrTime lsT="1">13:15:00</DepArrTime>
                </Time>
              </Times>
              <TripFootnotes>
                <TripFootnote>
                  <TripFootnoteId>A</TripFootnoteId>
                </TripFootnote>
              </TripFootnotes>
            </Row>
          </Rows>
        </DayType>
        <DayType>
          <DayName>söndag</DayName>
          <Rows>
            <Row>
              <LineNo>80</LineNo>
              <Dir>1</Dir>
              <CallTrip>0</CallTrip>
              <Times>
                <Time pos="0">
                  <DepArrTime lsT="1">13:30:00</DepArrTime>
                </Time>
                <Time pos="1">
                  <DepArrTime lsT="1">13:35:00</DepArrTime>
                </Time>
                <Time pos="2">
                  <DepArrTime lsT="1">13:45:00</DepArrTime>
                </Time>
              </Times>
              <TripFootnotes>
                <TripFootnote>
                  <TripFootnoteId>A</TripFootnoteId>
                </TripFootnote>
              </TripFootnotes>
            </Row>
          </Rows>
        </DayType>
        <DayType>
          <DayName>söndag</DayName>
          <Rows>
            <Row>
              <LineNo>80</LineNo>
              <Dir>1</Dir>
              <CallTrip>0</CallTrip>
              <Times>
                <Time pos="0">
                  <DepArrTime lsT="1">14:25:00</DepArrTime>
                </Time>
                <Time pos="1">
                  <DepArrTime lsT="1">14:30:00</DepArrTime>
                </Time>
                <Time pos="2">
                  <DepArrTime lsT="1">14:40:00</DepArrTime>
                </Time>
              </Times>
              <TripFootnotes>
                <TripFootnote>
                  <TripFootnoteId>A</TripFootnoteId>
                </TripFootnote>
              </TripFootnotes>
            </Row>
          </Rows>
        </DayType>
        <DayType>
          <DayName>söndag</DayName>
          <Rows>
            <Row>
              <LineNo>80</LineNo>
              <Dir>1</Dir>
              <CallTrip>0</CallTrip>
              <Times>
                <Time pos="0">
                  <DepArrTime lsT="1">15:10:00</DepArrTime>
                </Time>
                <Time pos="1">
                  <DepArrTime lsT="1">15:15:00</DepArrTime>
                </Time>
                <Time pos="2">
                  <DepArrTime lsT="1">15:25:00</DepArrTime>
                </Time>
              </Times>
              <TripFootnotes>
                <TripFootnote>
                  <TripFootnoteId>A</TripFootnoteId>
                </TripFootnote>
              </TripFootnotes>
            </Row>
          </Rows>
        </DayType>
        <DayType>
          <DayName>söndag</DayName>
          <Rows>
            <Row>
              <LineNo>80</LineNo>
              <Dir>1</Dir>
              <CallTrip>0</CallTrip>
              <Times>
                <Time pos="0">
                  <DepArrTime lsT="1">15:40:00</DepArrTime>
                </Time>
                <Time pos="1">
                  <DepArrTime lsT="1">15:45:00</DepArrTime>
                </Time>
                <Time pos="2">
                  <DepArrTime lsT="1">15:55:00</DepArrTime>
                </Time>
              </Times>
              <TripFootnotes>
                <TripFootnote>
                  <TripFootnoteId>A</TripFootnoteId>
                </TripFootnote>
              </TripFootnotes>
            </Row>
          </Rows>
        </DayType>
        <DayType>
          <DayName>söndag</DayName>
          <Rows>
            <Row>
              <LineNo>80</LineNo>
              <Dir>1</Dir>
              <CallTrip>0</CallTrip>
              <Times>
                <Time pos="0">
                  <DepArrTime lsT="1">16:10:00</DepArrTime>
                </Time>
                <Time pos="1">
                  <DepArrTime lsT="1">16:15:00</DepArrTime>
                </Time>
                <Time pos="2">
                  <DepArrTime lsT="1">16:25:00</DepArrTime>
                </Time>
              </Times>
              <TripFootnotes>
                <TripFootnote>
                  <TripFootnoteId>A</TripFootnoteId>
                </TripFootnote>
              </TripFootnotes>
            </Row>
          </Rows>
        </DayType>
        <DayType>
          <DayName>söndag</DayName>
          <Rows>
            <Row>
              <LineNo>80</LineNo>
              <Dir>1</Dir>
              <CallTrip>0</CallTrip>
              <Times>
                <Time pos="0">
                  <DepArrTime lsT="1">16:40:00</DepArrTime>
                </Time>
                <Time pos="1">
                  <DepArrTime lsT="1">16:45:00</DepArrTime>
                </Time>
                <Time pos="2">
                  <DepArrTime lsT="1">16:55:00</DepArrTime>
                </Time>
              </Times>
              <TripFootnotes>
                <TripFootnote>
                  <TripFootnoteId>A</TripFootnoteId>
                </TripFootnote>
              </TripFootnotes>
            </Row>
          </Rows>
        </DayType>
        <DayType>
          <DayName>söndag</DayName>
          <Rows>
            <Row>
              <LineNo>80</LineNo>
              <Dir>1</Dir>
              <CallTrip>0</CallTrip>
              <Times>
                <Time pos="0">
                  <DepArrTime lsT="1">17:20:00</DepArrTime>
                </Time>
                <Time pos="1">
                  <DepArrTime lsT="1">17:25:00</DepArrTime>
                </Time>
                <Time pos="2">
                  <DepArrTime lsT="1">17:35:00</DepArrTime>
                </Time>
              </Times>
              <TripFootnotes>
                <TripFootnote>
                  <TripFootnoteId>A</TripFootnoteId>
                </TripFootnote>
              </TripFootnotes>
            </Row>
          </Rows>
        </DayType>
        <DayType>
          <DayName>söndag</DayName>
          <Rows>
            <Row>
              <LineNo>80</LineNo>
              <Dir>1</Dir>
              <CallTrip>0</CallTrip>
              <Times>
                <Time pos="0">
                  <DepArrTime lsT="1">18:10:00</DepArrTime>
                </Time>
                <Time pos="1">
                  <DepArrTime lsT="1">18:15:00</DepArrTime>
                </Time>
                <Time pos="2">
                  <DepArrTime lsT="1">18:25:00</DepArrTime>
                </Time>
              </Times>
              <TripFootnotes>
                <TripFootnote>
                  <TripFootnoteId>A</TripFootnoteId>
                </TripFootnote>
              </TripFootnotes>
            </Row>
          </Rows>
        </DayType>
        <DayType>
          <DayName>söndag</DayName>
          <Rows>
            <Row>
              <LineNo>80</LineNo>
              <Dir>1</Dir>
              <CallTrip>0</CallTrip>
              <Times>
                <Time pos="0">
                  <DepArrTime lsT="1">19:30:00</DepArrTime>
                </Time>
                <Time pos="1">
                  <DepArrTime lsT="1">19:35:00</DepArrTime>
                </Time>
                <Time pos="2">
                  <DepArrTime lsT="1">19:45:00</DepArrTime>
                </Time>
              </Times>
              <TripFootnotes>
                <TripFootnote>
                  <TripFootnoteId>A</TripFootnoteId>
                </TripFootnote>
              </TripFootnotes>
            </Row>
          </Rows>
        </DayType>
        <DayType>
          <DayName>söndag</DayName>
          <Rows>
            <Row>
              <LineNo>80</LineNo>
              <Dir>1</Dir>
              <CallTrip>0</CallTrip>
              <Times>
                <Time pos="0">
                  <DepArrTime lsT="1">20:20:00</DepArrTime>
                </Time>
                <Time pos="1">
                  <DepArrTime lsT="1">20:25:00</DepArrTime>
                </Time>
                <Time pos="2">
                  <DepArrTime lsT="1">20:35:00</DepArrTime>
                </Time>
              </Times>
              <TripFootnotes>
                <TripFootnote>
                  <TripFootnoteId>A</TripFootnoteId>
                </TripFootnote>
              </TripFootnotes>
            </Row>
          </Rows>
        </DayType>
        <DayType>
          <DayName>söndag</DayName>
          <Rows>
            <Row>
              <LineNo>80</LineNo>
              <Dir>1</Dir>
              <CallTrip>0</CallTrip>
              <Times>
                <Time pos="0">
                  <DepArrTime lsT="1">22:10:00</DepArrTime>
                </Time>
                <Time pos="1">
                  <DepArrTime lsT="1">22:15:00</DepArrTime>
                </Time>
                <Time pos="2">
                  <DepArrTime lsT="1">22:25:00</DepArrTime>
                </Time>
              </Times>
              <TripFootnotes>
                <TripFootnote>
                  <TripFootnoteId>A</TripFootnoteId>
                </TripFootnote>
              </TripFootnotes>
            </Row>
          </Rows>
        </DayType>
        <DayType>
          <DayName>söndag</DayName>
          <Rows>
            <Row>
              <LineNo>80</LineNo>
              <Dir>1</Dir>
              <CallTrip>0</CallTrip>
              <Times>
                <Time pos="0">
                  <DepArrTime lsT="1">22:50:00</DepArrTime>
                </Time>
                <Time pos="1">
                  <DepArrTime lsT="1">22:55:00</DepArrTime>
                </Time>
                <Time pos="2">
                  <DepArrTime lsT="1">23:05:00</DepArrTime>
                </Time>
              </Times>
              <TripFootnotes>
                <TripFootnote>
                  <TripFootnoteId>A</TripFootnoteId>
                </TripFootnote>
              </TripFootnotes>
            </Row>
          </Rows>
        </DayType>
        <DayType>
          <DayName>söndag</DayName>
          <Rows>
            <Row>
              <LineNo>80</LineNo>
              <Dir>1</Dir>
              <CallTrip>0</CallTrip>
              <Times>
                <Time pos="0">
                  <DepArrTime lsT="1">23:20:00</DepArrTime>
                </Time>
                <Time pos="1">
                  <DepArrTime lsT="1">23:25:00</DepArrTime>
                </Time>
                <Time pos="2">
                  <DepArrTime lsT="1">23:35:00</DepArrTime>
                </Time>
              </Times>
              <TripFootnotes>
                <TripFootnote>
                  <TripFootnoteId>A</TripFootnoteId>
                </TripFootnote>
              </TripFootnotes>
            </Row>
          </Rows>
        </DayType>
        <DayType>
          <DayName>söndag</DayName>
          <Rows>
            <Row>
              <LineNo>80</LineNo>
              <Dir>1</Dir>
              <CallTrip>0</CallTrip>
              <Times>
                <Time pos="0">
                  <DepArrTime lsT="1">00:20:00</DepArrTime>
                </Time>
                <Time pos="1">
                  <DepArrTime lsT="1">00:25:00</DepArrTime>
                </Time>
                <Time pos="2">
                  <DepArrTime lsT="1">00:35:00</DepArrTime>
                </Time>
              </Times>
              <TripFootnotes>
                <TripFootnote>
                  <TripFootnoteId>A</TripFootnoteId>
                </TripFootnote>
              </TripFootnotes>
            </Row>
          </Rows>
        </DayType>
      </DayTypes>
      <Footnotes>
        <Footnote>
          <FootnoteId>A</FootnoteId>
          <FootnoteText>Avvikelser förekommer. Se under rubriken Trafik vid helgdagar.</FootnoteText>
        </Footnote>
        <Footnote>
          <FootnoteId>B</FootnoteId>
          <FootnoteText>Trafikeras måndag - torsdag</FootnoteText>
        </Footnote>
      </Footnotes>
    </Direction>
    <Direction>
      <Head>Umeå Airport - Vasaplan</Head>
      <Cols>
        <Col pos="0">
          <StopName print="1">Umeå Airport</StopName>
          <AccessR>0</AccessR>
          <AccessS>0</AccessS>
          <AccessH>0</AccessH>
        </Col>
        <Col pos="1">
          <StopName print="1">Vasaplan</StopName>
          <AccessR>0</AccessR>
          <AccessS>0</AccessS>
          <AccessH>0</AccessH>
        </Col>
      </Cols>
      <DayTypes>
        <DayType>
          <DayName>måndag-fredag</DayName>
          <Rows>
            <Row>
              <LineNo>80</LineNo>
              <Dir>2</Dir>
              <CallTrip>0</CallTrip>
              <Times>
                <Time pos="0">
                  <DepArrTime lsT="1">08:30:00</DepArrTime>
                </Time>
                <Time pos="1">
                  <DepArrTime lsT="1">08:39:00</DepArrTime>
                </Time>
              </Times>
              <TripFootnotes>
                <TripFootnote>
                  <TripFootnoteId>A</TripFootnoteId>
                </TripFootnote>
              </TripFootnotes>
            </Row>
          </Rows>
        </DayType>
        <DayType>
          <DayName>måndag-fredag</DayName>
          <Rows>
            <Row>
              <LineNo>80</LineNo>
              <Dir>2</Dir>
              <CallTrip>0</CallTrip>
              <Times>
                <Time pos="0">
                  <DepArrTime lsT="1">08:50:00</DepArrTime>
                </Time>
                <Time pos="1">
                  <DepArrTime lsT="1">08:59:00</DepArrTime>
                </Time>
              </Times>
              <TripFootnotes>
                <TripFootnote>
                  <TripFootnoteId>A</TripFootnoteId>
                </TripFootnote>
              </TripFootnotes>
            </Row>
          </Rows>
        </DayType>
        <DayType>
          <DayName>måndag-fredag</DayName>
          <Rows>
            <Row>
              <LineNo>80</LineNo>
              <Dir>2</Dir>
              <CallTrip>0</CallTrip>
              <Times>
                <Time pos="0">
                  <DepArrTime lsT="1">09:10:00</DepArrTime>
                </Time>
                <Time pos="1">
                  <DepArrTime lsT="1">09:19:00</DepArrTime>
                </Time>
              </Times>
              <TripFootnotes>
                <TripFootnote>
                  <TripFootnoteId>A</TripFootnoteId>
                </TripFootnote>
              </TripFootnotes>
            </Row>
          </Rows>
        </DayType>
        <DayType>
          <DayName>måndag-fredag</DayName>
          <Rows>
            <Row>
              <LineNo>80</LineNo>
              <Dir>2</Dir>
              <CallTrip>0</CallTrip>
              <Times>
                <Time pos="0">
                  <DepArrTime lsT="1">09:30:00</DepArrTime>
                </Time>
                <Time pos="1">
                  <DepArrTime lsT="1">09:39:00</DepArrTime>
                </Time>
              </Times>
              <TripFootnotes>
                <TripFootnote>
                  <TripFootnoteId>A</TripFootnoteId>
                </TripFootnote>
              </TripFootnotes>
            </Row>
          </Rows>
        </DayType>
        <DayType>
          <DayName>måndag-fredag</DayName>
          <Rows>
            <Row>
              <LineNo>80</LineNo>
              <Dir>2</Dir>
              <CallTrip>0</CallTrip>
              <Times>
                <Time pos="0">
                  <DepArrTime lsT="1">09:45:00</DepArrTime>
                </Time>
                <Time pos="1">
                  <DepArrTime lsT="1">09:54:00</DepArrTime>
                </Time>
              </Times>
              <TripFootnotes>
                <TripFootnote>
                  <TripFootnoteId>A</TripFootnoteId>
                </TripFootnote>
              </TripFootnotes>
            </Row>
          </Rows>
        </DayType>
        <DayType>
          <DayName>måndag-fredag</DayName>
          <Rows>
            <Row>
              <LineNo>80</LineNo>
              <Dir>2</Dir>
              <CallTrip>0</CallTrip>
              <Times>
                <Time pos="0">
                  <DepArrTime lsT="1">10:30:00</DepArrTime>
                </Time>
                <Time pos="1">
                  <DepArrTime lsT="1">10:39:00</DepArrTime>
                </Time>
              </Times>
              <TripFootnotes>
                <TripFootnote>
                  <TripFootnoteId>A</TripFootnoteId>
                </TripFootnote>
              </TripFootnotes>
            </Row>
          </Rows>
        </DayType>
        <DayType>
          <DayName>måndag-fredag</DayName>
          <Rows>
            <Row>
              <LineNo>80</LineNo>
              <Dir>2</Dir>
              <CallTrip>0</CallTrip>
              <Times>
                <Time pos="0">
                  <DepArrTime lsT="1">11:10:00</DepArrTime>
                </Time>
                <Time pos="1">
                  <DepArrTime lsT="1">11:19:00</DepArrTime>
                </Time>
              </Times>
              <TripFootnotes>
                <TripFootnote>
                  <TripFootnoteId>A</TripFootnoteId>
                </TripFootnote>
                <TripFootnote>
                  <TripFootnoteId>V</TripFootnoteId>
                </TripFootnote>
              </TripFootnotes>
            </Row>
          </Rows>
        </DayType>
        <DayType>
          <DayName>måndag-fredag</DayName>
          <Rows>
            <Row>
              <LineNo>80</LineNo>
              <Dir>2</Dir>
              <CallTrip>0</CallTrip>
              <Times>
                <Time pos="0">
                  <DepArrTime lsT="1">12:35:00</DepArrTime>
                </Time>
                <Time pos="1">
                  <DepArrTime lsT="1">12:44:00</DepArrTime>
                </Time>
              </Times>
              <TripFootnotes>
                <TripFootnote>
                  <TripFootnoteId>A</TripFootnoteId>
                </TripFootnote>
                <TripFootnote>
                  <TripFootnoteId>V</TripFootnoteId>
                </TripFootnote>
              </TripFootnotes>
            </Row>
          </Rows>
        </DayType>
        <DayType>
          <DayName>måndag-fredag</DayName>
          <Rows>
            <Row>
              <LineNo>80</LineNo>
              <Dir>2</Dir>
              <CallTrip>0</CallTrip>
              <Times>
                <Time pos="0">
                  <DepArrTime lsT="1">12:45:00</DepArrTime>
                </Time>
                <Time pos="1">
                  <DepArrTime lsT="1">12:54:00</DepArrTime>
                </Time>
              </Times>
              <TripFootnotes>
                <TripFootnote>
                  <TripFootnoteId>A</TripFootnoteId>
                </TripFootnote>
              </TripFootnotes>
            </Row>
          </Rows>
        </DayType>
        <DayType>
          <DayName>måndag-fredag</DayName>
          <Rows>
            <Row>
              <LineNo>80</LineNo>
              <Dir>2</Dir>
              <CallTrip>0</CallTrip>
              <Times>
                <Time pos="0">
                  <DepArrTime lsT="1">13:15:00</DepArrTime>
                </Time>
                <Time pos="1">
                  <DepArrTime lsT="1">13:24:00</DepArrTime>
                </Time>
              </Times>
              <TripFootnotes>
                <TripFootnote>
                  <TripFootnoteId>A</TripFootnoteId>
                </TripFootnote>
              </TripFootnotes>
            </Row>
          </Rows>
        </DayType>
        <DayType>
          <DayName>måndag-fredag</DayName>
          <Rows>
            <Row>
              <LineNo>80</LineNo>
              <Dir>2</Dir>
              <CallTrip>0</CallTrip>
              <Times>
                <Time pos="0">
                  <DepArrTime lsT="1">14:30:00</DepArrTime>
                </Time>
                <Time pos="1">
                  <DepArrTime lsT="1">14:39:00</DepArrTime>
                </Time>
              </Times>
              <TripFootnotes>
                <TripFootnote>
                  <TripFootnoteId>A</TripFootnoteId>
                </TripFootnote>
              </TripFootnotes>
            </Row>
          </Rows>
        </DayType>
        <DayType>
          <DayName>måndag-fredag</DayName>
          <Rows>
            <Row>
              <LineNo>80</LineNo>
              <Dir>2</Dir>
              <CallTrip>0</CallTrip>
              <Times>
                <Time pos="0">
                  <DepArrTime lsT="1">15:10:00</DepArrTime>
                </Time>
                <Time pos="1">
                  <DepArrTime lsT="1">15:19:00</DepArrTime>
                </Time>
              </Times>
              <TripFootnotes>
                <TripFootnote>
                  <TripFootnoteId>A</TripFootnoteId>
                </TripFootnote>
              </TripFootnotes>
            </Row>
          </Rows>
        </DayType>
        <DayType>
          <DayName>måndag-fredag</DayName>
          <Rows>
            <Row>
              <LineNo>80</LineNo>
              <Dir>2</Dir>
              <CallTrip>0</CallTrip>
              <Times>
                <Time pos="0">
                  <DepArrTime lsT="1">15:30:00</DepArrTime>
                </Time>
                <Time pos="1">
                  <DepArrTime lsT="1">15:39:00</DepArrTime>
                </Time>
              </Times>
              <TripFootnotes>
                <TripFootnote>
                  <TripFootnoteId>A</TripFootnoteId>
                </TripFootnote>
              </TripFootnotes>
            </Row>
          </Rows>
        </DayType>
        <DayType>
          <DayName>måndag-fredag</DayName>
          <Rows>
            <Row>
              <LineNo>80</LineNo>
              <Dir>2</Dir>
              <CallTrip>0</CallTrip>
              <Times>
                <Time pos="0">
                  <DepArrTime lsT="1">15:50:00</DepArrTime>
                </Time>
                <Time pos="1">
                  <DepArrTime lsT="1">15:59:00</DepArrTime>
                </Time>
              </Times>
              <TripFootnotes>
                <TripFootnote>
                  <TripFootnoteId>A</TripFootnoteId>
                </TripFootnote>
              </TripFootnotes>
            </Row>
          </Rows>
        </DayType>
        <DayType>
          <DayName>måndag-fredag</DayName>
          <Rows>
            <Row>
              <LineNo>80</LineNo>
              <Dir>2</Dir>
              <CallTrip>0</CallTrip>
              <Times>
                <Time pos="0">
                  <DepArrTime lsT="1">16:10:00</DepArrTime>
                </Time>
                <Time pos="1">
                  <DepArrTime lsT="1">16:19:00</DepArrTime>
                </Time>
              </Times>
              <TripFootnotes>
                <TripFootnote>
                  <TripFootnoteId>A</TripFootnoteId>
                </TripFootnote>
              </TripFootnotes>
            </Row>
          </Rows>
        </DayType>
        <DayType>
          <DayName>måndag-fredag</DayName>
          <Rows>
            <Row>
              <LineNo>80</LineNo>
              <Dir>2</Dir>
              <CallTrip>0</CallTrip>
              <Times>
                <Time pos="0">
                  <DepArrTime lsT="1">16:30:00</DepArrTime>
                </Time>
                <Time pos="1">
                  <DepArrTime lsT="1">16:39:00</DepArrTime>
                </Time>
              </Times>
              <TripFootnotes>
                <TripFootnote>
                  <TripFootnoteId>A</TripFootnoteId>
                </TripFootnote>
              </TripFootnotes>
            </Row>
          </Rows>
        </DayType>
        <DayType>
          <DayName>måndag-fredag</DayName>
          <Rows>
            <Row>
              <LineNo>80</LineNo>
              <Dir>2</Dir>
              <CallTrip>0</CallTrip>
              <Times>
                <Time pos="0">
                  <DepArrTime lsT="1">16:50:00</DepArrTime>
                </Time>
                <Time pos="1">
                  <DepArrTime lsT="1">16:59:00</DepArrTime>
                </Time>
              </Times>
              <TripFootnotes>
                <TripFootnote>
                  <TripFootnoteId>A</TripFootnoteId>
                </TripFootnote>
              </TripFootnotes>
            </Row>
          </Rows>
        </DayType>
        <DayType>
          <DayName>måndag-fredag</DayName>
          <Rows>
            <Row>
              <LineNo>80</LineNo>
              <Dir>2</Dir>
              <CallTrip>0</CallTrip>
              <Times>
                <Time pos="0">
                  <DepArrTime lsT="1">17:10:00</DepArrTime>
                </Time>
                <Time pos="1">
                  <DepArrTime lsT="1">17:19:00</DepArrTime>
                </Time>
              </Times>
              <TripFootnotes>
                <TripFootnote>
                  <TripFootnoteId>A</TripFootnoteId>
                </TripFootnote>
              </TripFootnotes>
            </Row>
          </Rows>
        </DayType>
        <DayType>
          <DayName>måndag-fredag</DayName>
          <Rows>
            <Row>
              <LineNo>80</LineNo>
              <Dir>2</Dir>
              <CallTrip>0</CallTrip>
              <Times>
                <Time pos="0">
                  <DepArrTime lsT="1">17:30:00</DepArrTime>
                </Time>
                <Time pos="1">
                  <DepArrTime lsT="1">17:39:00</DepArrTime>
                </Time>
              </Times>
              <TripFootnotes>
                <TripFootnote>
                  <TripFootnoteId>A</TripFootnoteId>
                </TripFootnote>
              </TripFootnotes>
            </Row>
          </Rows>
        </DayType>
        <DayType>
          <DayName>måndag-fredag</DayName>
          <Rows>
            <Row>
              <LineNo>80</LineNo>
              <Dir>2</Dir>
              <CallTrip>0</CallTrip>
              <Times>
                <Time pos="0">
                  <DepArrTime lsT="1">17:50:00</DepArrTime>
                </Time>
                <Time pos="1">
                  <DepArrTime lsT="1">17:59:00</DepArrTime>
                </Time>
              </Times>
              <TripFootnotes>
                <TripFootnote>
                  <TripFootnoteId>A</TripFootnoteId>
                </TripFootnote>
              </TripFootnotes>
            </Row>
          </Rows>
        </DayType>
        <DayType>
          <DayName>måndag-fredag</DayName>
          <Rows>
            <Row>
              <LineNo>80</LineNo>
              <Dir>2</Dir>
              <CallTrip>0</CallTrip>
              <Times>
                <Time pos="0">
                  <DepArrTime lsT="1">18:10:00</DepArrTime>
                </Time>
                <Time pos="1">
                  <DepArrTime lsT="1">18:19:00</DepArrTime>
                </Time>
              </Times>
              <TripFootnotes>
                <TripFootnote>
                  <TripFootnoteId>A</TripFootnoteId>
                </TripFootnote>
              </TripFootnotes>
            </Row>
          </Rows>
        </DayType>
        <DayType>
          <DayName>måndag-fredag</DayName>
          <Rows>
            <Row>
              <LineNo>80</LineNo>
              <Dir>2</Dir>
              <CallTrip>0</CallTrip>
              <Times>
                <Time pos="0">
                  <DepArrTime lsT="1">18:40:00</DepArrTime>
                </Time>
                <Time pos="1">
                  <DepArrTime lsT="1">18:49:00</DepArrTime>
                </Time>
              </Times>
              <TripFootnotes>
                <TripFootnote>
                  <TripFootnoteId>A</TripFootnoteId>
                </TripFootnote>
              </TripFootnotes>
            </Row>
          </Rows>
        </DayType>
        <DayType>
          <DayName>måndag-fredag</DayName>
          <Rows>
            <Row>
              <LineNo>80</LineNo>
              <Dir>2</Dir>
              <CallTrip>0</CallTrip>
              <Times>
                <Time pos="0">
                  <DepArrTime lsT="1">18:55:00</DepArrTime>
                </Time>
                <Time pos="1">
                  <DepArrTime lsT="1">19:04:00</DepArrTime>
                </Time>
              </Times>
              <TripFootnotes>
                <TripFootnote>
                  <TripFootnoteId>A</TripFootnoteId>
                </TripFootnote>
              </TripFootnotes>
            </Row>
          </Rows>
        </DayType>
        <DayType>
          <DayName>måndag-fredag</DayName>
          <Rows>
            <Row>
              <LineNo>80</LineNo>
              <Dir>2</Dir>
              <CallTrip>0</CallTrip>
              <Times>
                <Time pos="0">
                  <DepArrTime lsT="1">19:10:00</DepArrTime>
                </Time>
                <Time pos="1">
                  <DepArrTime lsT="1">19:19:00</DepArrTime>
                </Time>
              </Times>
              <TripFootnotes>
                <TripFootnote>
                  <TripFootnoteId>A</TripFootnoteId>
                </TripFootnote>
              </TripFootnotes>
            </Row>
          </Rows>
        </DayType>
        <DayType>
          <DayName>måndag-fredag</DayName>
          <Rows>
            <Row>
              <LineNo>80</LineNo>
              <Dir>2</Dir>
              <CallTrip>0</CallTrip>
              <Times>
                <Time pos="0">
                  <DepArrTime lsT="1">19:30:00</DepArrTime>
                </Time>
                <Time pos="1">
                  <DepArrTime lsT="1">19:39:00</DepArrTime>
                </Time>
              </Times>
              <TripFootnotes>
                <TripFootnote>
                  <TripFootnoteId>V</TripFootnoteId>
                </TripFootnote>
                <TripFootnote>
                  <TripFootnoteId>A</TripFootnoteId>
                </TripFootnote>
              </TripFootnotes>
            </Row>
          </Rows>
        </DayType>
        <DayType>
          <DayName>måndag-fredag</DayName>
          <Rows>
            <Row>
              <LineNo>80</LineNo>
              <Dir>2</Dir>
              <CallTrip>0</CallTrip>
              <Times>
                <Time pos="0">
                  <DepArrTime lsT="1">20:10:00</DepArrTime>
                </Time>
                <Time pos="1">
                  <DepArrTime lsT="1">20:19:00</DepArrTime>
                </Time>
              </Times>
              <TripFootnotes>
                <TripFootnote>
                  <TripFootnoteId>A</TripFootnoteId>
                </TripFootnote>
                <TripFootnote>
                  <TripFootnoteId>V</TripFootnoteId>
                </TripFootnote>
              </TripFootnotes>
            </Row>
          </Rows>
        </DayType>
        <DayType>
          <DayName>måndag-fredag</DayName>
          <Rows>
            <Row>
              <LineNo>80</LineNo>
              <Dir>2</Dir>
              <CallTrip>0</CallTrip>
              <Times>
                <Time pos="0">
                  <DepArrTime lsT="1">21:35:00</DepArrTime>
                </Time>
                <Time pos="1">
                  <DepArrTime lsT="1">21:44:00</DepArrTime>
                </Time>
              </Times>
              <TripFootnotes>
                <TripFootnote>
                  <TripFootnoteId>A</TripFootnoteId>
                </TripFootnote>
              </TripFootnotes>
            </Row>
          </Rows>
        </DayType>
        <DayType>
          <DayName>måndag-fredag</DayName>
          <Rows>
            <Row>
              <LineNo>80</LineNo>
              <Dir>2</Dir>
              <CallTrip>0</CallTrip>
              <Times>
                <Time pos="0">
                  <DepArrTime lsT="1">22:05:00</DepArrTime>
                </Time>
                <Time pos="1">
                  <DepArrTime lsT="1">22:14:00</DepArrTime>
                </Time>
              </Times>
              <TripFootnotes>
                <TripFootnote>
                  <TripFootnoteId>A</TripFootnoteId>
                </TripFootnote>
              </TripFootnotes>
            </Row>
          </Rows>
        </DayType>
        <DayType>
          <DayName>måndag-fredag</DayName>
          <Rows>
            <Row>
              <LineNo>80</LineNo>
              <Dir>2</Dir>
              <CallTrip>0</CallTrip>
              <Times>
                <Time pos="0">
                  <DepArrTime lsT="1">22:35:00</DepArrTime>
                </Time>
                <Time pos="1">
                  <DepArrTime lsT="1">22:44:00</DepArrTime>
                </Time>
              </Times>
              <TripFootnotes>
                <TripFootnote>
                  <TripFootnoteId>A</TripFootnoteId>
                </TripFootnote>
              </TripFootnotes>
            </Row>
          </Rows>
        </DayType>
        <DayType>
          <DayName>måndag-torsdag</DayName>
          <Rows>
            <Row>
              <LineNo>80</LineNo>
              <Dir>2</Dir>
              <CallTrip>0</CallTrip>
              <Times>
                <Time pos="0">
                  <DepArrTime lsT="1">00:00:00</DepArrTime>
                </Time>
                <Time pos="1">
                  <DepArrTime lsT="1">00:09:00</DepArrTime>
                </Time>
              </Times>
              <TripFootnotes>
                <TripFootnote>
                  <TripFootnoteId>A</TripFootnoteId>
                </TripFootnote>
                <TripFootnote>
                  <TripFootnoteId>B</TripFootnoteId>
                </TripFootnote>
              </TripFootnotes>
            </Row>
          </Rows>
        </DayType>
        <DayType>
          <DayName>lördag</DayName>
          <Rows>
            <Row>
              <LineNo>80</LineNo>
              <Dir>2</Dir>
              <CallTrip>0</CallTrip>
              <Times>
                <Time pos="0">
                  <DepArrTime lsT="1">11:00:00</DepArrTime>
                </Time>
                <Time pos="1">
                  <DepArrTime lsT="1">11:09:00</DepArrTime>
                </Time>
              </Times>
              <TripFootnotes>
                <TripFootnote>
                  <TripFootnoteId>A</TripFootnoteId>
                </TripFootnote>
                <TripFootnote>
                  <TripFootnoteId>V</TripFootnoteId>
                </TripFootnote>
              </TripFootnotes>
            </Row>
          </Rows>
        </DayType>
        <DayType>
          <DayName>lördag</DayName>
          <Rows>
            <Row>
              <LineNo>80</LineNo>
              <Dir>2</Dir>
              <CallTrip>0</CallTrip>
              <Times>
                <Time pos="0">
                  <DepArrTime lsT="1">11:20:00</DepArrTime>
                </Time>
                <Time pos="1">
                  <DepArrTime lsT="1">11:29:00</DepArrTime>
                </Time>
              </Times>
              <TripFootnotes>
                <TripFootnote>
                  <TripFootnoteId>A</TripFootnoteId>
                </TripFootnote>
              </TripFootnotes>
            </Row>
          </Rows>
        </DayType>
        <DayType>
          <DayName>lördag</DayName>
          <Rows>
            <Row>
              <LineNo>80</LineNo>
              <Dir>2</Dir>
              <CallTrip>0</CallTrip>
              <Times>
                <Time pos="0">
                  <DepArrTime lsT="1">14:00:00</DepArrTime>
                </Time>
                <Time pos="1">
                  <DepArrTime lsT="1">14:09:00</DepArrTime>
                </Time>
              </Times>
              <TripFootnotes>
                <TripFootnote>
                  <TripFootnoteId>A</TripFootnoteId>
                </TripFootnote>
              </TripFootnotes>
            </Row>
          </Rows>
        </DayType>
        <DayType>
          <DayName>lördag</DayName>
          <Rows>
            <Row>
              <LineNo>80</LineNo>
              <Dir>2</Dir>
              <CallTrip>0</CallTrip>
              <Times>
                <Time pos="0">
                  <DepArrTime lsT="1">16:40:00</DepArrTime>
                </Time>
                <Time pos="1">
                  <DepArrTime lsT="1">16:49:00</DepArrTime>
                </Time>
              </Times>
              <TripFootnotes>
                <TripFootnote>
                  <TripFootnoteId>A</TripFootnoteId>
                </TripFootnote>
              </TripFootnotes>
            </Row>
          </Rows>
        </DayType>
        <DayType>
          <DayName>lördag</DayName>
          <Rows>
            <Row>
              <LineNo>80</LineNo>
              <Dir>2</Dir>
              <CallTrip>0</CallTrip>
              <Times>
                <Time pos="0">
                  <DepArrTime lsT="1">19:45:00</DepArrTime>
                </Time>
                <Time pos="1">
                  <DepArrTime lsT="1">19:54:00</DepArrTime>
                </Time>
              </Times>
              <TripFootnotes>
                <TripFootnote>
                  <TripFootnoteId>A</TripFootnoteId>
                </TripFootnote>
              </TripFootnotes>
            </Row>
          </Rows>
        </DayType>
        <DayType>
          <DayName>söndag</DayName>
          <Rows>
            <Row>
              <LineNo>80</LineNo>
              <Dir>2</Dir>
              <CallTrip>0</CallTrip>
              <Times>
                <Time pos="0">
                  <DepArrTime lsT="1">09:45:00</DepArrTime>
                </Time>
                <Time pos="1">
                  <DepArrTime lsT="1">09:54:00</DepArrTime>
                </Time>
              </Times>
              <TripFootnotes>
                <TripFootnote>
                  <TripFootnoteId>A</TripFootnoteId>
                </TripFootnote>
                <TripFootnote>
                  <TripFootnoteId>V</TripFootnoteId>
                </TripFootnote>
              </TripFootnotes>
            </Row>
          </Rows>
        </DayType>
        <DayType>
          <DayName>söndag</DayName>
          <Rows>
            <Row>
              <LineNo>80</LineNo>
              <Dir>2</Dir>
              <CallTrip>0</CallTrip>
              <Times>
                <Time pos="0">
                  <DepArrTime lsT="1">10:40:00</DepArrTime>
                </Time>
                <Time pos="1">
                  <DepArrTime lsT="1">10:49:00</DepArrTime>
                </Time>
              </Times>
              <TripFootnotes>
                <TripFootnote>
                  <TripFootnoteId>A</TripFootnoteId>
                </TripFootnote>
                <TripFootnote>
                  <TripFootnoteId>V</TripFootnoteId>
                </TripFootnote>
              </TripFootnotes>
            </Row>
          </Rows>
        </DayType>
        <DayType>
          <DayName>söndag</DayName>
          <Rows>
            <Row>
              <LineNo>80</LineNo>
              <Dir>2</Dir>
              <CallTrip>0</CallTrip>
              <Times>
                <Time pos="0">
                  <DepArrTime lsT="1">12:50:00</DepArrTime>
                </Time>
                <Time pos="1">
                  <DepArrTime lsT="1">12:59:00</DepArrTime>
                </Time>
              </Times>
              <TripFootnotes>
                <TripFootnote>
                  <TripFootnoteId>A</TripFootnoteId>
                </TripFootnote>
              </TripFootnotes>
            </Row>
          </Rows>
        </DayType>
        <DayType>
          <DayName>söndag</DayName>
          <Rows>
            <Row>
              <LineNo>80</LineNo>
              <Dir>2</Dir>
              <CallTrip>0</CallTrip>
              <Times>
                <Time pos="0">
                  <DepArrTime lsT="1">13:20:00</DepArrTime>
                </Time>
                <Time pos="1">
                  <DepArrTime lsT="1">13:29:00</DepArrTime>
                </Time>
              </Times>
              <TripFootnotes>
                <TripFootnote>
                  <TripFootnoteId>A</TripFootnoteId>
                </TripFootnote>
              </TripFootnotes>
            </Row>
          </Rows>
        </DayType>
        <DayType>
          <DayName>söndag</DayName>
          <Rows>
            <Row>
              <LineNo>80</LineNo>
              <Dir>2</Dir>
              <CallTrip>0</CallTrip>
              <Times>
                <Time pos="0">
                  <DepArrTime lsT="1">14:15:00</DepArrTime>
                </Time>
                <Time pos="1">
                  <DepArrTime lsT="1">14:24:00</DepArrTime>
                </Time>
              </Times>
              <TripFootnotes>
                <TripFootnote>
                  <TripFootnoteId>A</TripFootnoteId>
                </TripFootnote>
              </TripFootnotes>
            </Row>
          </Rows>
        </DayType>
        <DayType>
          <DayName>söndag</DayName>
          <Rows>
            <Row>
              <LineNo>80</LineNo>
              <Dir>2</Dir>
              <CallTrip>0</CallTrip>
              <Times>
                <Time pos="0">
                  <DepArrTime lsT="1">15:00:00</DepArrTime>
                </Time>
                <Time pos="1">
                  <DepArrTime lsT="1">15:09:00</DepArrTime>
                </Time>
              </Times>
              <TripFootnotes>
                <TripFootnote>
                  <TripFootnoteId>A</TripFootnoteId>
                </TripFootnote>
              </TripFootnotes>
            </Row>
          </Rows>
        </DayType>
        <DayType>
          <DayName>söndag</DayName>
          <Rows>
            <Row>
              <LineNo>80</LineNo>
              <Dir>2</Dir>
              <CallTrip>0</CallTrip>
              <Times>
                <Time pos="0">
                  <DepArrTime lsT="1">15:30:00</DepArrTime>
                </Time>
                <Time pos="1">
                  <DepArrTime lsT="1">15:39:00</DepArrTime>
                </Time>
              </Times>
              <TripFootnotes>
                <TripFootnote>
                  <TripFootnoteId>A</TripFootnoteId>
                </TripFootnote>
              </TripFootnotes>
            </Row>
          </Rows>
        </DayType>
        <DayType>
          <DayName>söndag</DayName>
          <Rows>
            <Row>
              <LineNo>80</LineNo>
              <Dir>2</Dir>
              <CallTrip>0</CallTrip>
              <Times>
                <Time pos="0">
                  <DepArrTime lsT="1">16:00:00</DepArrTime>
                </Time>
                <Time pos="1">
                  <DepArrTime lsT="1">16:09:00</DepArrTime>
                </Time>
              </Times>
              <TripFootnotes>
                <TripFootnote>
                  <TripFootnoteId>A</TripFootnoteId>
                </TripFootnote>
              </TripFootnotes>
            </Row>
          </Rows>
        </DayType>
        <DayType>
          <DayName>söndag</DayName>
          <Rows>
            <Row>
              <LineNo>80</LineNo>
              <Dir>2</Dir>
              <CallTrip>0</CallTrip>
              <Times>
                <Time pos="0">
                  <DepArrTime lsT="1">16:30:00</DepArrTime>
                </Time>
                <Time pos="1">
                  <DepArrTime lsT="1">16:39:00</DepArrTime>
                </Time>
              </Times>
              <TripFootnotes>
                <TripFootnote>
                  <TripFootnoteId>A</TripFootnoteId>
                </TripFootnote>
              </TripFootnotes>
            </Row>
          </Rows>
        </DayType>
        <DayType>
          <DayName>söndag</DayName>
          <Rows>
            <Row>
              <LineNo>80</LineNo>
              <Dir>2</Dir>
              <CallTrip>0</CallTrip>
              <Times>
                <Time pos="0">
                  <DepArrTime lsT="1">17:10:00</DepArrTime>
                </Time>
                <Time pos="1">
                  <DepArrTime lsT="1">17:19:00</DepArrTime>
                </Time>
              </Times>
              <TripFootnotes>
                <TripFootnote>
                  <TripFootnoteId>A</TripFootnoteId>
                </TripFootnote>
              </TripFootnotes>
            </Row>
          </Rows>
        </DayType>
        <DayType>
          <DayName>söndag</DayName>
          <Rows>
            <Row>
              <LineNo>80</LineNo>
              <Dir>2</Dir>
              <CallTrip>0</CallTrip>
              <Times>
                <Time pos="0">
                  <DepArrTime lsT="1">18:00:00</DepArrTime>
                </Time>
                <Time pos="1">
                  <DepArrTime lsT="1">18:09:00</DepArrTime>
                </Time>
              </Times>
              <TripFootnotes>
                <TripFootnote>
                  <TripFootnoteId>A</TripFootnoteId>
                </TripFootnote>
              </TripFootnotes>
            </Row>
          </Rows>
        </DayType>
        <DayType>
          <DayName>söndag</DayName>
          <Rows>
            <Row>
              <LineNo>80</LineNo>
              <Dir>2</Dir>
              <CallTrip>0</CallTrip>
              <Times>
                <Time pos="0">
                  <DepArrTime lsT="1">19:20:00</DepArrTime>
                </Time>
                <Time pos="1">
                  <DepArrTime lsT="1">19:29:00</DepArrTime>
                </Time>
              </Times>
              <TripFootnotes>
                <TripFootnote>
                  <TripFootnoteId>A</TripFootnoteId>
                </TripFootnote>
              </TripFootnotes>
            </Row>
          </Rows>
        </DayType>
        <DayType>
          <DayName>söndag</DayName>
          <Rows>
            <Row>
              <LineNo>80</LineNo>
              <Dir>2</Dir>
              <CallTrip>0</CallTrip>
              <Times>
                <Time pos="0">
                  <DepArrTime lsT="1">20:10:00</DepArrTime>
                </Time>
                <Time pos="1">
                  <DepArrTime lsT="1">20:19:00</DepArrTime>
                </Time>
              </Times>
              <TripFootnotes>
                <TripFootnote>
                  <TripFootnoteId>A</TripFootnoteId>
                </TripFootnote>
              </TripFootnotes>
            </Row>
          </Rows>
        </DayType>
        <DayType>
          <DayName>söndag</DayName>
          <Rows>
            <Row>
              <LineNo>80</LineNo>
              <Dir>2</Dir>
              <CallTrip>0</CallTrip>
              <Times>
                <Time pos="0">
                  <DepArrTime lsT="1">22:00:00</DepArrTime>
                </Time>
                <Time pos="1">
                  <DepArrTime lsT="1">22:09:00</DepArrTime>
                </Time>
              </Times>
              <TripFootnotes>
                <TripFootnote>
                  <TripFootnoteId>A</TripFootnoteId>
                </TripFootnote>
              </TripFootnotes>
            </Row>
          </Rows>
        </DayType>
        <DayType>
          <DayName>söndag</DayName>
          <Rows>
            <Row>
              <LineNo>80</LineNo>
              <Dir>2</Dir>
              <CallTrip>0</CallTrip>
              <Times>
                <Time pos="0">
                  <DepArrTime lsT="1">22:40:00</DepArrTime>
                </Time>
                <Time pos="1">
                  <DepArrTime lsT="1">22:49:00</DepArrTime>
                </Time>
              </Times>
              <TripFootnotes>
                <TripFootnote>
                  <TripFootnoteId>A</TripFootnoteId>
                </TripFootnote>
              </TripFootnotes>
            </Row>
          </Rows>
        </DayType>
        <DayType>
          <DayName>söndag</DayName>
          <Rows>
            <Row>
              <LineNo>80</LineNo>
              <Dir>2</Dir>
              <CallTrip>0</CallTrip>
              <Times>
                <Time pos="0">
                  <DepArrTime lsT="1">23:10:00</DepArrTime>
                </Time>
                <Time pos="1">
                  <DepArrTime lsT="1">23:19:00</DepArrTime>
                </Time>
              </Times>
              <TripFootnotes>
                <TripFootnote>
                  <TripFootnoteId>A</TripFootnoteId>
                </TripFootnote>
              </TripFootnotes>
            </Row>
          </Rows>
        </DayType>
        <DayType>
          <DayName>söndag</DayName>
          <Rows>
            <Row>
              <LineNo>80</LineNo>
              <Dir>2</Dir>
              <CallTrip>0</CallTrip>
              <Times>
                <Time pos="0">
                  <DepArrTime lsT="1">00:10:00</DepArrTime>
                </Time>
                <Time pos="1">
                  <DepArrTime lsT="1">00:19:00</DepArrTime>
                </Time>
              </Times>
              <TripFootnotes>
                <TripFootnote>
                  <TripFootnoteId>A</TripFootnoteId>
                </TripFootnote>
              </TripFootnotes>
            </Row>
          </Rows>
        </DayType>
      </DayTypes>
      <Footnotes>
        <Footnote>
          <FootnoteId>A</FootnoteId>
          <FootnoteText>Avvikelser förekommer. Se under rubriken Trafik vid helgdagar.</FootnoteText>
        </Footnote>
        <Footnote>
          <FootnoteId>B</FootnoteId>
          <FootnoteText>Trafikeras  måndag - torsdag</FootnoteText>
        </Footnote>
        <Footnote>
          <FootnoteId>V</FootnoteId>
          <FootnoteText>Turen avslutas på Vasaplan</FootnoteText>
        </Footnote>
      </Footnotes>
    </Direction>
  </Directions>
</P4WTimetable>