<?xml version="1.0" encoding="utf-8"?>
<P4WTimetable xmlns:xsi="http://www.w3.org/2001/XMLSchema-instance" xmlns:xsd="http://www.w3.org/2001/XMLSchema">
  <Type>L</Type>
  <Path>Ultra/140929_150426/Ultra_7_140929_150426.xml</Path>
  <FromDate>2014-09-29</FromDate>
  <ToDate>2015-04-26</ToDate>
  <TableName nr="7">7</TableName>
  <ValidText>Giltig 2014-09-29 - 2015-04-26</ValidText>
  <Revision>Skapad 2014-09-19 13:41:11</Revision>
  <Directions>
    <Direction>
      <Head>Mariehem - Vasaplan - Rödäng</Head>
      <Cols>
        <Col pos="0">
          <StopName print="1">Morkullevägen</StopName>
          <AccessR>0</AccessR>
          <AccessS>0</AccessS>
          <AccessH>0</AccessH>
        </Col>
        <Col pos="1">
          <StopName print="1">Vasaplan</StopName>
          <AccessR>0</AccessR>
          <AccessS>0</AccessS>
          <AccessH>0</AccessH>
        </Col>
        <Col pos="2">
          <StopName print="1">Rödberget</StopName>
          <AccessR>0</AccessR>
          <AccessS>0</AccessS>
          <AccessH>0</AccessH>
        </Col>
        <Col pos="3">
          <StopName print="1">Forslundagymnasiet</StopName>
          <AccessR>0</AccessR>
          <AccessS>0</AccessS>
          <AccessH>0</AccessH>
        </Col>
      </Cols>
      <DayTypes>
        <DayType>
          <DayName>måndag-fredag</DayName>
          <Rows>
            <Row>
              <LineNo>7</LineNo>
              <Dir>1</Dir>
              <CallTrip>0</CallTrip>
              <Times>
                <Time pos="0">
                  <DepArrTime lsT="1">06:04:00</DepArrTime>
                </Time>
                <Time pos="1">
                  <DepArrTime lsT="1">06:21:00</DepArrTime>
                </Time>
                <Time pos="2">
                  <DepArrTime lsT="1">06:31:00</DepArrTime>
                </Time>
              </Times>
            </Row>
          </Rows>
        </DayType>
        <DayType>
          <DayName>måndag-fredag</DayName>
          <Rows>
            <Row>
              <LineNo>7</LineNo>
              <Dir>1</Dir>
              <CallTrip>0</CallTrip>
              <Times>
                <Time pos="0">
                  <DepArrTime lsT="1">07:04:00</DepArrTime>
                </Time>
                <Time pos="1">
                  <DepArrTime lsT="1">07:21:00</DepArrTime>
                </Time>
                <Time pos="2">
                  <DepArrTime lsT="1">07:31:00</DepArrTime>
                </Time>
              </Times>
            </Row>
          </Rows>
        </DayType>
        <DayType>
          <DayName>måndag-fredag</DayName>
          <Rows>
            <Row>
              <LineNo>7</LineNo>
              <Dir>1</Dir>
              <CallTrip>0</CallTrip>
              <Times>
                <Time pos="1">
                  <DepArrTime lsT="1">08:05:00</DepArrTime>
                </Time>
                <Time pos="2">
                  <DepArrTime lsT="1">08:17:00</DepArrTime>
                </Time>
              </Times>
            </Row>
          </Rows>
        </DayType>
        <DayType>
          <DayName>måndag-fredag</DayName>
          <Rows>
            <Row>
              <LineNo>7</LineNo>
              <Dir>1</Dir>
              <CallTrip>0</CallTrip>
              <Times>
                <Time pos="0">
                  <DepArrTime lsT="1">08:04:00</DepArrTime>
                </Time>
                <Time pos="1">
                  <DepArrTime lsT="1">08:21:00</DepArrTime>
                </Time>
                <Time pos="2">
                  <DepArrTime lsT="1">08:33:00</DepArrTime>
                </Time>
              </Times>
            </Row>
          </Rows>
        </DayType>
        <DayType>
          <DayName>måndag-fredag</DayName>
          <Rows>
            <Row>
              <LineNo>7</LineNo>
              <Dir>1</Dir>
              <CallTrip>0</CallTrip>
              <Times>
                <Time pos="0">
                  <DepArrTime lsT="1">09:04:00</DepArrTime>
                </Time>
                <Time pos="1">
                  <DepArrTime lsT="1">09:21:00</DepArrTime>
                </Time>
                <Time pos="2">
                  <DepArrTime lsT="1">09:32:00</DepArrTime>
                </Time>
              </Times>
            </Row>
          </Rows>
        </DayType>
        <DayType>
          <DayName>måndag-fredag</DayName>
          <Rows>
            <Row>
              <LineNo>7</LineNo>
              <Dir>1</Dir>
              <CallTrip>0</CallTrip>
              <Times>
                <Time pos="0">
                  <DepArrTime lsT="1">10:04:00</DepArrTime>
                </Time>
                <Time pos="1">
                  <DepArrTime lsT="1">10:21:00</DepArrTime>
                </Time>
                <Time pos="2">
                  <DepArrTime lsT="1">10:32:00</DepArrTime>
                </Time>
              </Times>
            </Row>
          </Rows>
        </DayType>
        <DayType>
          <DayName>måndag-fredag</DayName>
          <Rows>
            <Row>
              <LineNo>7</LineNo>
              <Dir>1</Dir>
              <CallTrip>0</CallTrip>
              <Times>
                <Time pos="0">
                  <DepArrTime lsT="1">11:04:00</DepArrTime>
                </Time>
                <Time pos="1">
                  <DepArrTime lsT="1">11:21:00</DepArrTime>
                </Time>
                <Time pos="2">
                  <DepArrTime lsT="1">11:32:00</DepArrTime>
                </Time>
              </Times>
            </Row>
          </Rows>
        </DayType>
        <DayType>
          <DayName>måndag-fredag</DayName>
          <Rows>
            <Row>
              <LineNo>7</LineNo>
              <Dir>1</Dir>
              <CallTrip>0</CallTrip>
              <Times>
                <Time pos="0">
                  <DepArrTime lsT="1">12:04:00</DepArrTime>
                </Time>
                <Time pos="1">
                  <DepArrTime lsT="1">12:21:00</DepArrTime>
                </Time>
                <Time pos="2">
                  <DepArrTime lsT="1">12:32:00</DepArrTime>
                </Time>
              </Times>
            </Row>
          </Rows>
        </DayType>
        <DayType>
          <DayName>måndag-fredag</DayName>
          <Rows>
            <Row>
              <LineNo>7</LineNo>
              <Dir>1</Dir>
              <CallTrip>0</CallTrip>
              <Times>
                <Time pos="0">
                  <DepArrTime lsT="1">13:04:00</DepArrTime>
                </Time>
                <Time pos="1">
                  <DepArrTime lsT="1">13:21:00</DepArrTime>
                </Time>
                <Time pos="2">
                  <DepArrTime lsT="1">13:32:00</DepArrTime>
                </Time>
              </Times>
            </Row>
          </Rows>
        </DayType>
        <DayType>
          <DayName>måndag-fredag</DayName>
          <Rows>
            <Row>
              <LineNo>7</LineNo>
              <Dir>1</Dir>
              <CallTrip>0</CallTrip>
              <Times>
                <Time pos="0">
                  <DepArrTime lsT="1">14:04:00</DepArrTime>
                </Time>
                <Time pos="1">
                  <DepArrTime lsT="1">14:21:00</DepArrTime>
                </Time>
                <Time pos="2">
                  <DepArrTime lsT="1">14:33:00</DepArrTime>
                </Time>
              </Times>
            </Row>
          </Rows>
        </DayType>
        <DayType>
          <DayName>måndag-fredag</DayName>
          <Rows>
            <Row>
              <LineNo>7</LineNo>
              <Dir>1</Dir>
              <CallTrip>0</CallTrip>
              <Times>
                <Time pos="0">
                  <DepArrTime lsT="1">15:04:00</DepArrTime>
                </Time>
                <Time pos="1">
                  <DepArrTime lsT="1">15:21:00</DepArrTime>
                </Time>
                <Time pos="2">
                  <DepArrTime lsT="1">15:33:00</DepArrTime>
                </Time>
              </Times>
            </Row>
          </Rows>
        </DayType>
        <DayType>
          <DayName>måndag-fredag</DayName>
          <Rows>
            <Row>
              <LineNo>7</LineNo>
              <Dir>1</Dir>
              <CallTrip>0</CallTrip>
              <Times>
                <Time pos="0">
                  <DepArrTime lsT="1">16:04:00</DepArrTime>
                </Time>
                <Time pos="1">
                  <DepArrTime lsT="1">16:21:00</DepArrTime>
                </Time>
                <Time pos="2">
                  <DepArrTime lsT="1">16:33:00</DepArrTime>
                </Time>
              </Times>
            </Row>
          </Rows>
        </DayType>
        <DayType>
          <DayName>måndag-fredag</DayName>
          <Rows>
            <Row>
              <LineNo>7</LineNo>
              <Dir>1</Dir>
              <CallTrip>0</CallTrip>
              <Times>
                <Time pos="0">
                  <DepArrTime lsT="1">17:04:00</DepArrTime>
                </Time>
                <Time pos="1">
                  <DepArrTime lsT="1">17:21:00</DepArrTime>
                </Time>
                <Time pos="2">
                  <DepArrTime lsT="1">17:33:00</DepArrTime>
                </Time>
              </Times>
            </Row>
          </Rows>
        </DayType>
        <DayType>
          <DayName>måndag-fredag</DayName>
          <Rows>
            <Row>
              <LineNo>7</LineNo>
              <Dir>1</Dir>
              <CallTrip>0</CallTrip>
              <Times>
                <Time pos="0">
                  <DepArrTime lsT="1">18:04:00</DepArrTime>
                </Time>
                <Time pos="1">
                  <DepArrTime lsT="1">18:21:00</DepArrTime>
                </Time>
                <Time pos="2">
                  <DepArrTime lsT="1">18:31:00</DepArrTime>
                </Time>
              </Times>
            </Row>
          </Rows>
        </DayType>
        <DayType>
          <DayName>måndag-fredag</DayName>
          <Rows>
            <Row>
              <LineNo>7</LineNo>
              <Dir>1</Dir>
              <CallTrip>0</CallTrip>
              <Times>
                <Time pos="0">
                  <DepArrTime lsT="1">19:04:00</DepArrTime>
                </Time>
                <Time pos="1">
                  <DepArrTime lsT="1">19:21:00</DepArrTime>
                </Time>
                <Time pos="2">
                  <DepArrTime lsT="1">19:31:00</DepArrTime>
                </Time>
              </Times>
            </Row>
          </Rows>
        </DayType>
        <DayType>
          <DayName>måndag-fredag</DayName>
          <Rows>
            <Row>
              <LineNo>7</LineNo>
              <Dir>1</Dir>
              <CallTrip>0</CallTrip>
              <Times>
                <Time pos="0">
                  <DepArrTime lsT="1">20:04:00</DepArrTime>
                </Time>
                <Time pos="1">
                  <DepArrTime lsT="1">20:21:00</DepArrTime>
                </Time>
                <Time pos="2">
                  <DepArrTime lsT="1">20:31:00</DepArrTime>
                </Time>
              </Times>
            </Row>
          </Rows>
        </DayType>
        <DayType>
          <DayName>måndag-fredag</DayName>
          <Rows>
            <Row>
              <LineNo>7</LineNo>
              <Dir>1</Dir>
              <CallTrip>0</CallTrip>
              <Times>
                <Time pos="0">
                  <DepArrTime lsT="1">21:04:00</DepArrTime>
                </Time>
                <Time pos="1">
                  <DepArrTime lsT="1">21:21:00</DepArrTime>
                </Time>
                <Time pos="2">
                  <DepArrTime lsT="1">21:31:00</DepArrTime>
                </Time>
              </Times>
            </Row>
          </Rows>
        </DayType>
        <DayType>
          <DayName>måndag-fredag</DayName>
          <Rows>
            <Row>
              <LineNo>7</LineNo>
              <Dir>1</Dir>
              <CallTrip>0</CallTrip>
              <Times>
                <Time pos="0">
                  <DepArrTime lsT="1">22:04:00</DepArrTime>
                </Time>
                <Time pos="1">
                  <DepArrTime lsT="1">22:21:00</DepArrTime>
                </Time>
                <Time pos="2">
                  <DepArrTime lsT="1">22:31:00</DepArrTime>
                </Time>
              </Times>
            </Row>
          </Rows>
        </DayType>
        <DayType>
          <DayName>lördag</DayName>
          <Rows>
            <Row>
              <LineNo>7</LineNo>
              <Dir>1</Dir>
              <CallTrip>0</CallTrip>
              <Times>
                <Time pos="0">
                  <DepArrTime lsT="1">09:04:00</DepArrTime>
                </Time>
                <Time pos="1">
                  <DepArrTime lsT="1">09:21:00</DepArrTime>
                </Time>
                <Time pos="2">
                  <DepArrTime lsT="1">09:32:00</DepArrTime>
                </Time>
              </Times>
            </Row>
          </Rows>
        </DayType>
        <DayType>
          <DayName>lördag</DayName>
          <Rows>
            <Row>
              <LineNo>7</LineNo>
              <Dir>1</Dir>
              <CallTrip>0</CallTrip>
              <Times>
                <Time pos="0">
                  <DepArrTime lsT="1">10:04:00</DepArrTime>
                </Time>
                <Time pos="1">
                  <DepArrTime lsT="1">10:21:00</DepArrTime>
                </Time>
                <Time pos="2">
                  <DepArrTime lsT="1">10:32:00</DepArrTime>
                </Time>
              </Times>
            </Row>
          </Rows>
        </DayType>
        <DayType>
          <DayName>lördag</DayName>
          <Rows>
            <Row>
              <LineNo>7</LineNo>
              <Dir>1</Dir>
              <CallTrip>0</CallTrip>
              <Times>
                <Time pos="0">
                  <DepArrTime lsT="1">11:04:00</DepArrTime>
                </Time>
                <Time pos="1">
                  <DepArrTime lsT="1">11:21:00</DepArrTime>
                </Time>
                <Time pos="2">
                  <DepArrTime lsT="1">11:32:00</DepArrTime>
                </Time>
              </Times>
            </Row>
          </Rows>
        </DayType>
        <DayType>
          <DayName>lördag</DayName>
          <Rows>
            <Row>
              <LineNo>7</LineNo>
              <Dir>1</Dir>
              <CallTrip>0</CallTrip>
              <Times>
                <Time pos="0">
                  <DepArrTime lsT="1">12:04:00</DepArrTime>
                </Time>
                <Time pos="1">
                  <DepArrTime lsT="1">12:21:00</DepArrTime>
                </Time>
                <Time pos="2">
                  <DepArrTime lsT="1">12:32:00</DepArrTime>
                </Time>
              </Times>
            </Row>
          </Rows>
        </DayType>
        <DayType>
          <DayName>lördag</DayName>
          <Rows>
            <Row>
              <LineNo>7</LineNo>
              <Dir>1</Dir>
              <CallTrip>0</CallTrip>
              <Times>
                <Time pos="0">
                  <DepArrTime lsT="1">13:04:00</DepArrTime>
                </Time>
                <Time pos="1">
                  <DepArrTime lsT="1">13:21:00</DepArrTime>
                </Time>
                <Time pos="2">
                  <DepArrTime lsT="1">13:32:00</DepArrTime>
                </Time>
              </Times>
            </Row>
          </Rows>
        </DayType>
        <DayType>
          <DayName>lördag</DayName>
          <Rows>
            <Row>
              <LineNo>7</LineNo>
              <Dir>1</Dir>
              <CallTrip>0</CallTrip>
              <Times>
                <Time pos="0">
                  <DepArrTime lsT="1">14:04:00</DepArrTime>
                </Time>
                <Time pos="1">
                  <DepArrTime lsT="1">14:21:00</DepArrTime>
                </Time>
                <Time pos="2">
                  <DepArrTime lsT="1">14:33:00</DepArrTime>
                </Time>
              </Times>
            </Row>
          </Rows>
        </DayType>
        <DayType>
          <DayName>lördag</DayName>
          <Rows>
            <Row>
              <LineNo>7</LineNo>
              <Dir>1</Dir>
              <CallTrip>0</CallTrip>
              <Times>
                <Time pos="0">
                  <DepArrTime lsT="1">15:04:00</DepArrTime>
                </Time>
                <Time pos="1">
                  <DepArrTime lsT="1">15:21:00</DepArrTime>
                </Time>
                <Time pos="2">
                  <DepArrTime lsT="1">15:33:00</DepArrTime>
                </Time>
              </Times>
            </Row>
          </Rows>
        </DayType>
        <DayType>
          <DayName>lördag</DayName>
          <Rows>
            <Row>
              <LineNo>7</LineNo>
              <Dir>1</Dir>
              <CallTrip>0</CallTrip>
              <Times>
                <Time pos="0">
                  <DepArrTime lsT="1">16:04:00</DepArrTime>
                </Time>
                <Time pos="1">
                  <DepArrTime lsT="1">16:21:00</DepArrTime>
                </Time>
                <Time pos="2">
                  <DepArrTime lsT="1">16:33:00</DepArrTime>
                </Time>
              </Times>
            </Row>
          </Rows>
        </DayType>
        <DayType>
          <DayName>lördag</DayName>
          <Rows>
            <Row>
              <LineNo>7</LineNo>
              <Dir>1</Dir>
              <CallTrip>0</CallTrip>
              <Times>
                <Time pos="0">
                  <DepArrTime lsT="1">17:04:00</DepArrTime>
                </Time>
                <Time pos="1">
                  <DepArrTime lsT="1">17:21:00</DepArrTime>
                </Time>
                <Time pos="2">
                  <DepArrTime lsT="1">17:33:00</DepArrTime>
                </Time>
              </Times>
            </Row>
          </Rows>
        </DayType>
        <DayType>
          <DayName>lördag</DayName>
          <Rows>
            <Row>
              <LineNo>7</LineNo>
              <Dir>1</Dir>
              <CallTrip>0</CallTrip>
              <Times>
                <Time pos="0">
                  <DepArrTime lsT="1">18:04:00</DepArrTime>
                </Time>
                <Time pos="1">
                  <DepArrTime lsT="1">18:21:00</DepArrTime>
                </Time>
                <Time pos="2">
                  <DepArrTime lsT="1">18:31:00</DepArrTime>
                </Time>
              </Times>
            </Row>
          </Rows>
        </DayType>
        <DayType>
          <DayName>lördag</DayName>
          <Rows>
            <Row>
              <LineNo>7</LineNo>
              <Dir>1</Dir>
              <CallTrip>0</CallTrip>
              <Times>
                <Time pos="0">
                  <DepArrTime lsT="1">19:04:00</DepArrTime>
                </Time>
                <Time pos="1">
                  <DepArrTime lsT="1">19:21:00</DepArrTime>
                </Time>
                <Time pos="2">
                  <DepArrTime lsT="1">19:31:00</DepArrTime>
                </Time>
              </Times>
            </Row>
          </Rows>
        </DayType>
        <DayType>
          <DayName>lördag</DayName>
          <Rows>
            <Row>
              <LineNo>7</LineNo>
              <Dir>1</Dir>
              <CallTrip>0</CallTrip>
              <Times>
                <Time pos="0">
                  <DepArrTime lsT="1">20:04:00</DepArrTime>
                </Time>
                <Time pos="1">
                  <DepArrTime lsT="1">20:21:00</DepArrTime>
                </Time>
                <Time pos="2">
                  <DepArrTime lsT="1">20:31:00</DepArrTime>
                </Time>
              </Times>
            </Row>
          </Rows>
        </DayType>
        <DayType>
          <DayName>lördag</DayName>
          <Rows>
            <Row>
              <LineNo>7</LineNo>
              <Dir>1</Dir>
              <CallTrip>0</CallTrip>
              <Times>
                <Time pos="0">
                  <DepArrTime lsT="1">21:04:00</DepArrTime>
                </Time>
                <Time pos="1">
                  <DepArrTime lsT="1">21:21:00</DepArrTime>
                </Time>
                <Time pos="2">
                  <DepArrTime lsT="1">21:31:00</DepArrTime>
                </Time>
              </Times>
            </Row>
          </Rows>
        </DayType>
        <DayType>
          <DayName>lördag</DayName>
          <Rows>
            <Row>
              <LineNo>7</LineNo>
              <Dir>1</Dir>
              <CallTrip>0</CallTrip>
              <Times>
                <Time pos="0">
                  <DepArrTime lsT="1">22:04:00</DepArrTime>
                </Time>
                <Time pos="1">
                  <DepArrTime lsT="1">22:21:00</DepArrTime>
                </Time>
                <Time pos="2">
                  <DepArrTime lsT="1">22:31:00</DepArrTime>
                </Time>
              </Times>
            </Row>
          </Rows>
        </DayType>
        <DayType>
          <DayName>söndag</DayName>
          <Rows>
            <Row>
              <LineNo>7</LineNo>
              <Dir>1</Dir>
              <CallTrip>0</CallTrip>
              <Times>
                <Time pos="0">
                  <DepArrTime lsT="1">09:04:00</DepArrTime>
                </Time>
                <Time pos="1">
                  <DepArrTime lsT="1">09:21:00</DepArrTime>
                </Time>
                <Time pos="2">
                  <DepArrTime lsT="1">09:32:00</DepArrTime>
                </Time>
              </Times>
            </Row>
          </Rows>
        </DayType>
        <DayType>
          <DayName>söndag</DayName>
          <Rows>
            <Row>
              <LineNo>7</LineNo>
              <Dir>1</Dir>
              <CallTrip>0</CallTrip>
              <Times>
                <Time pos="0">
                  <DepArrTime lsT="1">10:04:00</DepArrTime>
                </Time>
                <Time pos="1">
                  <DepArrTime lsT="1">10:21:00</DepArrTime>
                </Time>
                <Time pos="2">
                  <DepArrTime lsT="1">10:32:00</DepArrTime>
                </Time>
              </Times>
            </Row>
          </Rows>
        </DayType>
        <DayType>
          <DayName>söndag</DayName>
          <Rows>
            <Row>
              <LineNo>7</LineNo>
              <Dir>1</Dir>
              <CallTrip>0</CallTrip>
              <Times>
                <Time pos="0">
                  <DepArrTime lsT="1">11:04:00</DepArrTime>
                </Time>
                <Time pos="1">
                  <DepArrTime lsT="1">11:21:00</DepArrTime>
                </Time>
                <Time pos="2">
                  <DepArrTime lsT="1">11:32:00</DepArrTime>
                </Time>
              </Times>
            </Row>
          </Rows>
        </DayType>
        <DayType>
          <DayName>söndag</DayName>
          <Rows>
            <Row>
              <LineNo>7</LineNo>
              <Dir>1</Dir>
              <CallTrip>0</CallTrip>
              <Times>
                <Time pos="0">
                  <DepArrTime lsT="1">12:04:00</DepArrTime>
                </Time>
                <Time pos="1">
                  <DepArrTime lsT="1">12:21:00</DepArrTime>
                </Time>
                <Time pos="2">
                  <DepArrTime lsT="1">12:32:00</DepArrTime>
                </Time>
              </Times>
            </Row>
          </Rows>
        </DayType>
        <DayType>
          <DayName>söndag</DayName>
          <Rows>
            <Row>
              <LineNo>7</LineNo>
              <Dir>1</Dir>
              <CallTrip>0</CallTrip>
              <Times>
                <Time pos="0">
                  <DepArrTime lsT="1">13:04:00</DepArrTime>
                </Time>
                <Time pos="1">
                  <DepArrTime lsT="1">13:21:00</DepArrTime>
                </Time>
                <Time pos="2">
                  <DepArrTime lsT="1">13:32:00</DepArrTime>
                </Time>
              </Times>
            </Row>
          </Rows>
        </DayType>
        <DayType>
          <DayName>söndag</DayName>
          <Rows>
            <Row>
              <LineNo>7</LineNo>
              <Dir>1</Dir>
              <CallTrip>0</CallTrip>
              <Times>
                <Time pos="0">
                  <DepArrTime lsT="1">14:04:00</DepArrTime>
                </Time>
                <Time pos="1">
                  <DepArrTime lsT="1">14:21:00</DepArrTime>
                </Time>
                <Time pos="2">
                  <DepArrTime lsT="1">14:33:00</DepArrTime>
                </Time>
              </Times>
            </Row>
          </Rows>
        </DayType>
        <DayType>
          <DayName>söndag</DayName>
          <Rows>
            <Row>
              <LineNo>7</LineNo>
              <Dir>1</Dir>
              <CallTrip>0</CallTrip>
              <Times>
                <Time pos="0">
                  <DepArrTime lsT="1">15:04:00</DepArrTime>
                </Time>
                <Time pos="1">
                  <DepArrTime lsT="1">15:21:00</DepArrTime>
                </Time>
                <Time pos="2">
                  <DepArrTime lsT="1">15:33:00</DepArrTime>
                </Time>
              </Times>
            </Row>
          </Rows>
        </DayType>
        <DayType>
          <DayName>söndag</DayName>
          <Rows>
            <Row>
              <LineNo>7</LineNo>
              <Dir>1</Dir>
              <CallTrip>0</CallTrip>
              <Times>
                <Time pos="0">
                  <DepArrTime lsT="1">16:04:00</DepArrTime>
                </Time>
                <Time pos="1">
                  <DepArrTime lsT="1">16:21:00</DepArrTime>
                </Time>
                <Time pos="2">
                  <DepArrTime lsT="1">16:33:00</DepArrTime>
                </Time>
              </Times>
            </Row>
          </Rows>
        </DayType>
        <DayType>
          <DayName>söndag</DayName>
          <Rows>
            <Row>
              <LineNo>7</LineNo>
              <Dir>1</Dir>
              <CallTrip>0</CallTrip>
              <Times>
                <Time pos="0">
                  <DepArrTime lsT="1">17:04:00</DepArrTime>
                </Time>
                <Time pos="1">
                  <DepArrTime lsT="1">17:21:00</DepArrTime>
                </Time>
                <Time pos="2">
                  <DepArrTime lsT="1">17:33:00</DepArrTime>
                </Time>
              </Times>
            </Row>
          </Rows>
        </DayType>
        <DayType>
          <DayName>söndag</DayName>
          <Rows>
            <Row>
              <LineNo>7</LineNo>
              <Dir>1</Dir>
              <CallTrip>0</CallTrip>
              <Times>
                <Time pos="0">
                  <DepArrTime lsT="1">18:04:00</DepArrTime>
                </Time>
                <Time pos="1">
                  <DepArrTime lsT="1">18:21:00</DepArrTime>
                </Time>
                <Time pos="2">
                  <DepArrTime lsT="1">18:31:00</DepArrTime>
                </Time>
              </Times>
            </Row>
          </Rows>
        </DayType>
        <DayType>
          <DayName>söndag</DayName>
          <Rows>
            <Row>
              <LineNo>7</LineNo>
              <Dir>1</Dir>
              <CallTrip>0</CallTrip>
              <Times>
                <Time pos="0">
                  <DepArrTime lsT="1">19:04:00</DepArrTime>
                </Time>
                <Time pos="1">
                  <DepArrTime lsT="1">19:21:00</DepArrTime>
                </Time>
                <Time pos="2">
                  <DepArrTime lsT="1">19:31:00</DepArrTime>
                </Time>
              </Times>
            </Row>
          </Rows>
        </DayType>
        <DayType>
          <DayName>söndag</DayName>
          <Rows>
            <Row>
              <LineNo>7</LineNo>
              <Dir>1</Dir>
              <CallTrip>0</CallTrip>
              <Times>
                <Time pos="0">
                  <DepArrTime lsT="1">20:04:00</DepArrTime>
                </Time>
                <Time pos="1">
                  <DepArrTime lsT="1">20:21:00</DepArrTime>
                </Time>
                <Time pos="2">
                  <DepArrTime lsT="1">20:31:00</DepArrTime>
                </Time>
              </Times>
            </Row>
          </Rows>
        </DayType>
        <DayType>
          <DayName>söndag</DayName>
          <Rows>
            <Row>
              <LineNo>7</LineNo>
              <Dir>1</Dir>
              <CallTrip>0</CallTrip>
              <Times>
                <Time pos="0">
                  <DepArrTime lsT="1">21:04:00</DepArrTime>
                </Time>
                <Time pos="1">
                  <DepArrTime lsT="1">21:21:00</DepArrTime>
                </Time>
                <Time pos="2">
                  <DepArrTime lsT="1">21:29:00</DepArrTime>
                </Time>
              </Times>
            </Row>
          </Rows>
        </DayType>
        <DayType>
          <DayName>söndag</DayName>
          <Rows>
            <Row>
              <LineNo>7</LineNo>
              <Dir>1</Dir>
              <CallTrip>0</CallTrip>
              <Times>
                <Time pos="0">
                  <DepArrTime lsT="1">22:14:00</DepArrTime>
                </Time>
                <Time pos="1">
                  <DepArrTime lsT="1">22:31:00</DepArrTime>
                </Time>
                <Time pos="2">
                  <DepArrTime lsT="1">22:39:00</DepArrTime>
                </Time>
                <Time pos="3">
                  <DepArrTime lsT="1">22:46:00</DepArrTime>
                </Time>
              </Times>
              <TripFootnotes>
                <TripFootnote>
                  <TripFootnoteId>A</TripFootnoteId>
                </TripFootnote>
              </TripFootnotes>
            </Row>
          </Rows>
        </DayType>
      </DayTypes>
      <Footnotes>
        <Footnote>
          <FootnoteId>A</FootnoteId>
          <FootnoteText>Turen fortsätter, om resande finnes, till Forslundagymnasiet</FootnoteText>
        </Footnote>
      </Footnotes>
    </Direction>
    <Direction>
      <Head>Rödäng - Vasaplan - Mariehem</Head>
      <Cols>
        <Col pos="0">
          <StopName print="1">Rödberget</StopName>
          <AccessR>0</AccessR>
          <AccessS>0</AccessS>
          <AccessH>0</AccessH>
        </Col>
        <Col pos="1">
          <StopName print="1">Vasaplan</StopName>
          <AccessR>0</AccessR>
          <AccessS>0</AccessS>
          <AccessH>0</AccessH>
        </Col>
        <Col pos="2">
          <StopName print="1">Vasaplan</StopName>
          <AccessR>0</AccessR>
          <AccessS>0</AccessS>
          <AccessH>0</AccessH>
        </Col>
        <Col pos="3">
          <StopName print="1">Morkullevägen</StopName>
          <AccessR>0</AccessR>
          <AccessS>0</AccessS>
          <AccessH>0</AccessH>
        </Col>
      </Cols>
      <DayTypes>
        <DayType>
          <DayName>måndag-fredag</DayName>
          <Rows>
            <Row>
              <LineNo>7</LineNo>
              <Dir>2</Dir>
              <CallTrip>0</CallTrip>
              <Times>
                <Time pos="0">
                  <DepArrTime lsT="1">06:10:00</DepArrTime>
                </Time>
                <Time pos="1">
                  <DepArrTime lsT="1">06:22:00</DepArrTime>
                </Time>
              </Times>
              <TripFootnotes>
                <TripFootnote>
                  <TripFootnoteId>V</TripFootnoteId>
                </TripFootnote>
              </TripFootnotes>
            </Row>
          </Rows>
        </DayType>
        <DayType>
          <DayName>måndag-fredag</DayName>
          <Rows>
            <Row>
              <LineNo>7</LineNo>
              <Dir>2</Dir>
              <CallTrip>0</CallTrip>
              <Times>
                <Time pos="0">
                  <DepArrTime lsT="1">06:37:00</DepArrTime>
                </Time>
                <Time pos="2">
                  <DepArrTime lsT="1">06:51:00</DepArrTime>
                </Time>
                <Time pos="3">
                  <DepArrTime lsT="1">07:04:00</DepArrTime>
                </Time>
              </Times>
            </Row>
          </Rows>
        </DayType>
        <DayType>
          <DayName>måndag-fredag</DayName>
          <Rows>
            <Row>
              <LineNo>7</LineNo>
              <Dir>2</Dir>
              <CallTrip>0</CallTrip>
              <Times>
                <Time pos="0">
                  <DepArrTime lsT="1">07:37:00</DepArrTime>
                </Time>
                <Time pos="2">
                  <DepArrTime lsT="1">07:51:00</DepArrTime>
                </Time>
                <Time pos="3">
                  <DepArrTime lsT="1">08:04:00</DepArrTime>
                </Time>
              </Times>
            </Row>
          </Rows>
        </DayType>
        <DayType>
          <DayName>måndag-fredag</DayName>
          <Rows>
            <Row>
              <LineNo>7</LineNo>
              <Dir>2</Dir>
              <CallTrip>0</CallTrip>
              <Times>
                <Time pos="0">
                  <DepArrTime lsT="1">08:37:00</DepArrTime>
                </Time>
                <Time pos="2">
                  <DepArrTime lsT="1">08:51:00</DepArrTime>
                </Time>
                <Time pos="3">
                  <DepArrTime lsT="1">09:04:00</DepArrTime>
                </Time>
              </Times>
            </Row>
          </Rows>
        </DayType>
        <DayType>
          <DayName>måndag-fredag</DayName>
          <Rows>
            <Row>
              <LineNo>7</LineNo>
              <Dir>2</Dir>
              <CallTrip>0</CallTrip>
              <Times>
                <Time pos="0">
                  <DepArrTime lsT="1">09:37:00</DepArrTime>
                </Time>
                <Time pos="2">
                  <DepArrTime lsT="1">09:51:00</DepArrTime>
                </Time>
                <Time pos="3">
                  <DepArrTime lsT="1">10:04:00</DepArrTime>
                </Time>
              </Times>
            </Row>
          </Rows>
        </DayType>
        <DayType>
          <DayName>måndag-fredag</DayName>
          <Rows>
            <Row>
              <LineNo>7</LineNo>
              <Dir>2</Dir>
              <CallTrip>0</CallTrip>
              <Times>
                <Time pos="0">
                  <DepArrTime lsT="1">10:37:00</DepArrTime>
                </Time>
                <Time pos="2">
                  <DepArrTime lsT="1">10:51:00</DepArrTime>
                </Time>
                <Time pos="3">
                  <DepArrTime lsT="1">11:04:00</DepArrTime>
                </Time>
              </Times>
            </Row>
          </Rows>
        </DayType>
        <DayType>
          <DayName>måndag-fredag</DayName>
          <Rows>
            <Row>
              <LineNo>7</LineNo>
              <Dir>2</Dir>
              <CallTrip>0</CallTrip>
              <Times>
                <Time pos="0">
                  <DepArrTime lsT="1">11:37:00</DepArrTime>
                </Time>
                <Time pos="2">
                  <DepArrTime lsT="1">11:51:00</DepArrTime>
                </Time>
                <Time pos="3">
                  <DepArrTime lsT="1">12:04:00</DepArrTime>
                </Time>
              </Times>
            </Row>
          </Rows>
        </DayType>
        <DayType>
          <DayName>måndag-fredag</DayName>
          <Rows>
            <Row>
              <LineNo>7</LineNo>
              <Dir>2</Dir>
              <CallTrip>0</CallTrip>
              <Times>
                <Time pos="0">
                  <DepArrTime lsT="1">12:37:00</DepArrTime>
                </Time>
                <Time pos="2">
                  <DepArrTime lsT="1">12:51:00</DepArrTime>
                </Time>
                <Time pos="3">
                  <DepArrTime lsT="1">13:04:00</DepArrTime>
                </Time>
              </Times>
            </Row>
          </Rows>
        </DayType>
        <DayType>
          <DayName>måndag-fredag</DayName>
          <Rows>
            <Row>
              <LineNo>7</LineNo>
              <Dir>2</Dir>
              <CallTrip>0</CallTrip>
              <Times>
                <Time pos="0">
                  <DepArrTime lsT="1">13:37:00</DepArrTime>
                </Time>
                <Time pos="2">
                  <DepArrTime lsT="1">13:51:00</DepArrTime>
                </Time>
                <Time pos="3">
                  <DepArrTime lsT="1">14:04:00</DepArrTime>
                </Time>
              </Times>
            </Row>
          </Rows>
        </DayType>
        <DayType>
          <DayName>måndag-fredag</DayName>
          <Rows>
            <Row>
              <LineNo>7</LineNo>
              <Dir>2</Dir>
              <CallTrip>0</CallTrip>
              <Times>
                <Time pos="0">
                  <DepArrTime lsT="1">14:37:00</DepArrTime>
                </Time>
                <Time pos="2">
                  <DepArrTime lsT="1">14:51:00</DepArrTime>
                </Time>
                <Time pos="3">
                  <DepArrTime lsT="1">15:04:00</DepArrTime>
                </Time>
              </Times>
            </Row>
          </Rows>
        </DayType>
        <DayType>
          <DayName>måndag-fredag</DayName>
          <Rows>
            <Row>
              <LineNo>7</LineNo>
              <Dir>2</Dir>
              <CallTrip>0</CallTrip>
              <Times>
                <Time pos="0">
                  <DepArrTime lsT="1">15:37:00</DepArrTime>
                </Time>
                <Time pos="2">
                  <DepArrTime lsT="1">15:51:00</DepArrTime>
                </Time>
                <Time pos="3">
                  <DepArrTime lsT="1">16:04:00</DepArrTime>
                </Time>
              </Times>
            </Row>
          </Rows>
        </DayType>
        <DayType>
          <DayName>måndag-fredag</DayName>
          <Rows>
            <Row>
              <LineNo>7</LineNo>
              <Dir>2</Dir>
              <CallTrip>0</CallTrip>
              <Times>
                <Time pos="0">
                  <DepArrTime lsT="1">16:37:00</DepArrTime>
                </Time>
                <Time pos="2">
                  <DepArrTime lsT="1">16:51:00</DepArrTime>
                </Time>
                <Time pos="3">
                  <DepArrTime lsT="1">17:04:00</DepArrTime>
                </Time>
              </Times>
            </Row>
          </Rows>
        </DayType>
        <DayType>
          <DayName>måndag-fredag</DayName>
          <Rows>
            <Row>
              <LineNo>7</LineNo>
              <Dir>2</Dir>
              <CallTrip>0</CallTrip>
              <Times>
                <Time pos="0">
                  <DepArrTime lsT="1">17:37:00</DepArrTime>
                </Time>
                <Time pos="2">
                  <DepArrTime lsT="1">17:51:00</DepArrTime>
                </Time>
                <Time pos="3">
                  <DepArrTime lsT="1">18:04:00</DepArrTime>
                </Time>
              </Times>
            </Row>
          </Rows>
        </DayType>
        <DayType>
          <DayName>måndag-fredag</DayName>
          <Rows>
            <Row>
              <LineNo>7</LineNo>
              <Dir>2</Dir>
              <CallTrip>0</CallTrip>
              <Times>
                <Time pos="0">
                  <DepArrTime lsT="1">18:37:00</DepArrTime>
                </Time>
                <Time pos="2">
                  <DepArrTime lsT="1">18:51:00</DepArrTime>
                </Time>
                <Time pos="3">
                  <DepArrTime lsT="1">19:04:00</DepArrTime>
                </Time>
              </Times>
            </Row>
          </Rows>
        </DayType>
        <DayType>
          <DayName>måndag-fredag</DayName>
          <Rows>
            <Row>
              <LineNo>7</LineNo>
              <Dir>2</Dir>
              <CallTrip>0</CallTrip>
              <Times>
                <Time pos="0">
                  <DepArrTime lsT="1">19:37:00</DepArrTime>
                </Time>
                <Time pos="2">
                  <DepArrTime lsT="1">19:51:00</DepArrTime>
                </Time>
                <Time pos="3">
                  <DepArrTime lsT="1">20:04:00</DepArrTime>
                </Time>
              </Times>
            </Row>
          </Rows>
        </DayType>
        <DayType>
          <DayName>måndag-fredag</DayName>
          <Rows>
            <Row>
              <LineNo>7</LineNo>
              <Dir>2</Dir>
              <CallTrip>0</CallTrip>
              <Times>
                <Time pos="0">
                  <DepArrTime lsT="1">20:37:00</DepArrTime>
                </Time>
                <Time pos="2">
                  <DepArrTime lsT="1">20:51:00</DepArrTime>
                </Time>
                <Time pos="3">
                  <DepArrTime lsT="1">21:04:00</DepArrTime>
                </Time>
              </Times>
            </Row>
          </Rows>
        </DayType>
        <DayType>
          <DayName>måndag-fredag</DayName>
          <Rows>
            <Row>
              <LineNo>7</LineNo>
              <Dir>2</Dir>
              <CallTrip>0</CallTrip>
              <Times>
                <Time pos="0">
                  <DepArrTime lsT="1">21:37:00</DepArrTime>
                </Time>
                <Time pos="2">
                  <DepArrTime lsT="1">21:51:00</DepArrTime>
                </Time>
                <Time pos="3">
                  <DepArrTime lsT="1">22:04:00</DepArrTime>
                </Time>
              </Times>
            </Row>
          </Rows>
        </DayType>
        <DayType>
          <DayName>lördag</DayName>
          <Rows>
            <Row>
              <LineNo>7</LineNo>
              <Dir>2</Dir>
              <CallTrip>0</CallTrip>
              <Times>
                <Time pos="0">
                  <DepArrTime lsT="1">06:10:00</DepArrTime>
                </Time>
                <Time pos="1">
                  <DepArrTime lsT="1">06:22:00</DepArrTime>
                </Time>
              </Times>
              <TripFootnotes>
                <TripFootnote>
                  <TripFootnoteId>V</TripFootnoteId>
                </TripFootnote>
              </TripFootnotes>
            </Row>
          </Rows>
        </DayType>
        <DayType>
          <DayName>lördag</DayName>
          <Rows>
            <Row>
              <LineNo>7</LineNo>
              <Dir>2</Dir>
              <CallTrip>0</CallTrip>
              <Times>
                <Time pos="0">
                  <DepArrTime lsT="1">08:37:00</DepArrTime>
                </Time>
                <Time pos="2">
                  <DepArrTime lsT="1">08:51:00</DepArrTime>
                </Time>
                <Time pos="3">
                  <DepArrTime lsT="1">09:04:00</DepArrTime>
                </Time>
              </Times>
            </Row>
          </Rows>
        </DayType>
        <DayType>
          <DayName>lördag</DayName>
          <Rows>
            <Row>
              <LineNo>7</LineNo>
              <Dir>2</Dir>
              <CallTrip>0</CallTrip>
              <Times>
                <Time pos="0">
                  <DepArrTime lsT="1">09:37:00</DepArrTime>
                </Time>
                <Time pos="2">
                  <DepArrTime lsT="1">09:51:00</DepArrTime>
                </Time>
                <Time pos="3">
                  <DepArrTime lsT="1">10:04:00</DepArrTime>
                </Time>
              </Times>
            </Row>
          </Rows>
        </DayType>
        <DayType>
          <DayName>lördag</DayName>
          <Rows>
            <Row>
              <LineNo>7</LineNo>
              <Dir>2</Dir>
              <CallTrip>0</CallTrip>
              <Times>
                <Time pos="0">
                  <DepArrTime lsT="1">10:37:00</DepArrTime>
                </Time>
                <Time pos="2">
                  <DepArrTime lsT="1">10:51:00</DepArrTime>
                </Time>
                <Time pos="3">
                  <DepArrTime lsT="1">11:04:00</DepArrTime>
                </Time>
              </Times>
            </Row>
          </Rows>
        </DayType>
        <DayType>
          <DayName>lördag</DayName>
          <Rows>
            <Row>
              <LineNo>7</LineNo>
              <Dir>2</Dir>
              <CallTrip>0</CallTrip>
              <Times>
                <Time pos="0">
                  <DepArrTime lsT="1">11:37:00</DepArrTime>
                </Time>
                <Time pos="2">
                  <DepArrTime lsT="1">11:51:00</DepArrTime>
                </Time>
                <Time pos="3">
                  <DepArrTime lsT="1">12:04:00</DepArrTime>
                </Time>
              </Times>
            </Row>
          </Rows>
        </DayType>
        <DayType>
          <DayName>lördag</DayName>
          <Rows>
            <Row>
              <LineNo>7</LineNo>
              <Dir>2</Dir>
              <CallTrip>0</CallTrip>
              <Times>
                <Time pos="0">
                  <DepArrTime lsT="1">12:37:00</DepArrTime>
                </Time>
                <Time pos="2">
                  <DepArrTime lsT="1">12:51:00</DepArrTime>
                </Time>
                <Time pos="3">
                  <DepArrTime lsT="1">13:04:00</DepArrTime>
                </Time>
              </Times>
            </Row>
          </Rows>
        </DayType>
        <DayType>
          <DayName>lördag</DayName>
          <Rows>
            <Row>
              <LineNo>7</LineNo>
              <Dir>2</Dir>
              <CallTrip>0</CallTrip>
              <Times>
                <Time pos="0">
                  <DepArrTime lsT="1">13:37:00</DepArrTime>
                </Time>
                <Time pos="2">
                  <DepArrTime lsT="1">13:51:00</DepArrTime>
                </Time>
                <Time pos="3">
                  <DepArrTime lsT="1">14:04:00</DepArrTime>
                </Time>
              </Times>
            </Row>
          </Rows>
        </DayType>
        <DayType>
          <DayName>lördag</DayName>
          <Rows>
            <Row>
              <LineNo>7</LineNo>
              <Dir>2</Dir>
              <CallTrip>0</CallTrip>
              <Times>
                <Time pos="0">
                  <DepArrTime lsT="1">14:37:00</DepArrTime>
                </Time>
                <Time pos="2">
                  <DepArrTime lsT="1">14:51:00</DepArrTime>
                </Time>
                <Time pos="3">
                  <DepArrTime lsT="1">15:04:00</DepArrTime>
                </Time>
              </Times>
            </Row>
          </Rows>
        </DayType>
        <DayType>
          <DayName>lördag</DayName>
          <Rows>
            <Row>
              <LineNo>7</LineNo>
              <Dir>2</Dir>
              <CallTrip>0</CallTrip>
              <Times>
                <Time pos="0">
                  <DepArrTime lsT="1">15:37:00</DepArrTime>
                </Time>
                <Time pos="2">
                  <DepArrTime lsT="1">15:51:00</DepArrTime>
                </Time>
                <Time pos="3">
                  <DepArrTime lsT="1">16:04:00</DepArrTime>
                </Time>
              </Times>
            </Row>
          </Rows>
        </DayType>
        <DayType>
          <DayName>lördag</DayName>
          <Rows>
            <Row>
              <LineNo>7</LineNo>
              <Dir>2</Dir>
              <CallTrip>0</CallTrip>
              <Times>
                <Time pos="0">
                  <DepArrTime lsT="1">16:37:00</DepArrTime>
                </Time>
                <Time pos="2">
                  <DepArrTime lsT="1">16:51:00</DepArrTime>
                </Time>
                <Time pos="3">
                  <DepArrTime lsT="1">17:04:00</DepArrTime>
                </Time>
              </Times>
            </Row>
          </Rows>
        </DayType>
        <DayType>
          <DayName>lördag</DayName>
          <Rows>
            <Row>
              <LineNo>7</LineNo>
              <Dir>2</Dir>
              <CallTrip>0</CallTrip>
              <Times>
                <Time pos="0">
                  <DepArrTime lsT="1">17:37:00</DepArrTime>
                </Time>
                <Time pos="2">
                  <DepArrTime lsT="1">17:51:00</DepArrTime>
                </Time>
                <Time pos="3">
                  <DepArrTime lsT="1">18:04:00</DepArrTime>
                </Time>
              </Times>
            </Row>
          </Rows>
        </DayType>
        <DayType>
          <DayName>lördag</DayName>
          <Rows>
            <Row>
              <LineNo>7</LineNo>
              <Dir>2</Dir>
              <CallTrip>0</CallTrip>
              <Times>
                <Time pos="0">
                  <DepArrTime lsT="1">18:37:00</DepArrTime>
                </Time>
                <Time pos="2">
                  <DepArrTime lsT="1">18:51:00</DepArrTime>
                </Time>
                <Time pos="3">
                  <DepArrTime lsT="1">19:04:00</DepArrTime>
                </Time>
              </Times>
            </Row>
          </Rows>
        </DayType>
        <DayType>
          <DayName>lördag</DayName>
          <Rows>
            <Row>
              <LineNo>7</LineNo>
              <Dir>2</Dir>
              <CallTrip>0</CallTrip>
              <Times>
                <Time pos="0">
                  <DepArrTime lsT="1">19:37:00</DepArrTime>
                </Time>
                <Time pos="2">
                  <DepArrTime lsT="1">19:51:00</DepArrTime>
                </Time>
                <Time pos="3">
                  <DepArrTime lsT="1">20:04:00</DepArrTime>
                </Time>
              </Times>
            </Row>
          </Rows>
        </DayType>
        <DayType>
          <DayName>lördag</DayName>
          <Rows>
            <Row>
              <LineNo>7</LineNo>
              <Dir>2</Dir>
              <CallTrip>0</CallTrip>
              <Times>
                <Time pos="0">
                  <DepArrTime lsT="1">20:37:00</DepArrTime>
                </Time>
                <Time pos="2">
                  <DepArrTime lsT="1">20:51:00</DepArrTime>
                </Time>
                <Time pos="3">
                  <DepArrTime lsT="1">21:04:00</DepArrTime>
                </Time>
              </Times>
            </Row>
          </Rows>
        </DayType>
        <DayType>
          <DayName>lördag</DayName>
          <Rows>
            <Row>
              <LineNo>7</LineNo>
              <Dir>2</Dir>
              <CallTrip>0</CallTrip>
              <Times>
                <Time pos="0">
                  <DepArrTime lsT="1">21:37:00</DepArrTime>
                </Time>
                <Time pos="2">
                  <DepArrTime lsT="1">21:51:00</DepArrTime>
                </Time>
                <Time pos="3">
                  <DepArrTime lsT="1">22:04:00</DepArrTime>
                </Time>
              </Times>
            </Row>
          </Rows>
        </DayType>
        <DayType>
          <DayName>söndag</DayName>
          <Rows>
            <Row>
              <LineNo>7</LineNo>
              <Dir>2</Dir>
              <CallTrip>0</CallTrip>
              <Times>
                <Time pos="0">
                  <DepArrTime lsT="1">06:10:00</DepArrTime>
                </Time>
                <Time pos="1">
                  <DepArrTime lsT="1">06:22:00</DepArrTime>
                </Time>
              </Times>
              <TripFootnotes>
                <TripFootnote>
                  <TripFootnoteId>V</TripFootnoteId>
                </TripFootnote>
              </TripFootnotes>
            </Row>
          </Rows>
        </DayType>
        <DayType>
          <DayName>söndag</DayName>
          <Rows>
            <Row>
              <LineNo>7</LineNo>
              <Dir>2</Dir>
              <CallTrip>0</CallTrip>
              <Times>
                <Time pos="0">
                  <DepArrTime lsT="1">08:37:00</DepArrTime>
                </Time>
                <Time pos="2">
                  <DepArrTime lsT="1">08:51:00</DepArrTime>
                </Time>
                <Time pos="3">
                  <DepArrTime lsT="1">09:04:00</DepArrTime>
                </Time>
              </Times>
            </Row>
          </Rows>
        </DayType>
        <DayType>
          <DayName>söndag</DayName>
          <Rows>
            <Row>
              <LineNo>7</LineNo>
              <Dir>2</Dir>
              <CallTrip>0</CallTrip>
              <Times>
                <Time pos="0">
                  <DepArrTime lsT="1">09:37:00</DepArrTime>
                </Time>
                <Time pos="2">
                  <DepArrTime lsT="1">09:51:00</DepArrTime>
                </Time>
                <Time pos="3">
                  <DepArrTime lsT="1">10:04:00</DepArrTime>
                </Time>
              </Times>
            </Row>
          </Rows>
        </DayType>
        <DayType>
          <DayName>söndag</DayName>
          <Rows>
            <Row>
              <LineNo>7</LineNo>
              <Dir>2</Dir>
              <CallTrip>0</CallTrip>
              <Times>
                <Time pos="0">
                  <DepArrTime lsT="1">10:37:00</DepArrTime>
                </Time>
                <Time pos="2">
                  <DepArrTime lsT="1">10:51:00</DepArrTime>
                </Time>
                <Time pos="3">
                  <DepArrTime lsT="1">11:04:00</DepArrTime>
                </Time>
              </Times>
            </Row>
          </Rows>
        </DayType>
        <DayType>
          <DayName>söndag</DayName>
          <Rows>
            <Row>
              <LineNo>7</LineNo>
              <Dir>2</Dir>
              <CallTrip>0</CallTrip>
              <Times>
                <Time pos="0">
                  <DepArrTime lsT="1">11:37:00</DepArrTime>
                </Time>
                <Time pos="2">
                  <DepArrTime lsT="1">11:51:00</DepArrTime>
                </Time>
                <Time pos="3">
                  <DepArrTime lsT="1">12:04:00</DepArrTime>
                </Time>
              </Times>
            </Row>
          </Rows>
        </DayType>
        <DayType>
          <DayName>söndag</DayName>
          <Rows>
            <Row>
              <LineNo>7</LineNo>
              <Dir>2</Dir>
              <CallTrip>0</CallTrip>
              <Times>
                <Time pos="0">
                  <DepArrTime lsT="1">12:37:00</DepArrTime>
                </Time>
                <Time pos="2">
                  <DepArrTime lsT="1">12:51:00</DepArrTime>
                </Time>
                <Time pos="3">
                  <DepArrTime lsT="1">13:04:00</DepArrTime>
                </Time>
              </Times>
            </Row>
          </Rows>
        </DayType>
        <DayType>
          <DayName>söndag</DayName>
          <Rows>
            <Row>
              <LineNo>7</LineNo>
              <Dir>2</Dir>
              <CallTrip>0</CallTrip>
              <Times>
                <Time pos="0">
                  <DepArrTime lsT="1">13:37:00</DepArrTime>
                </Time>
                <Time pos="2">
                  <DepArrTime lsT="1">13:51:00</DepArrTime>
                </Time>
                <Time pos="3">
                  <DepArrTime lsT="1">14:04:00</DepArrTime>
                </Time>
              </Times>
            </Row>
          </Rows>
        </DayType>
        <DayType>
          <DayName>söndag</DayName>
          <Rows>
            <Row>
              <LineNo>7</LineNo>
              <Dir>2</Dir>
              <CallTrip>0</CallTrip>
              <Times>
                <Time pos="0">
                  <DepArrTime lsT="1">14:37:00</DepArrTime>
                </Time>
                <Time pos="2">
                  <DepArrTime lsT="1">14:51:00</DepArrTime>
                </Time>
                <Time pos="3">
                  <DepArrTime lsT="1">15:04:00</DepArrTime>
                </Time>
              </Times>
            </Row>
          </Rows>
        </DayType>
        <DayType>
          <DayName>söndag</DayName>
          <Rows>
            <Row>
              <LineNo>7</LineNo>
              <Dir>2</Dir>
              <CallTrip>0</CallTrip>
              <Times>
                <Time pos="0">
                  <DepArrTime lsT="1">15:37:00</DepArrTime>
                </Time>
                <Time pos="2">
                  <DepArrTime lsT="1">15:51:00</DepArrTime>
                </Time>
                <Time pos="3">
                  <DepArrTime lsT="1">16:04:00</DepArrTime>
                </Time>
              </Times>
            </Row>
          </Rows>
        </DayType>
        <DayType>
          <DayName>söndag</DayName>
          <Rows>
            <Row>
              <LineNo>7</LineNo>
              <Dir>2</Dir>
              <CallTrip>0</CallTrip>
              <Times>
                <Time pos="0">
                  <DepArrTime lsT="1">16:37:00</DepArrTime>
                </Time>
                <Time pos="2">
                  <DepArrTime lsT="1">16:51:00</DepArrTime>
                </Time>
                <Time pos="3">
                  <DepArrTime lsT="1">17:04:00</DepArrTime>
                </Time>
              </Times>
            </Row>
          </Rows>
        </DayType>
        <DayType>
          <DayName>söndag</DayName>
          <Rows>
            <Row>
              <LineNo>7</LineNo>
              <Dir>2</Dir>
              <CallTrip>0</CallTrip>
              <Times>
                <Time pos="0">
                  <DepArrTime lsT="1">17:37:00</DepArrTime>
                </Time>
                <Time pos="2">
                  <DepArrTime lsT="1">17:51:00</DepArrTime>
                </Time>
                <Time pos="3">
                  <DepArrTime lsT="1">18:04:00</DepArrTime>
                </Time>
              </Times>
            </Row>
          </Rows>
        </DayType>
        <DayType>
          <DayName>söndag</DayName>
          <Rows>
            <Row>
              <LineNo>7</LineNo>
              <Dir>2</Dir>
              <CallTrip>0</CallTrip>
              <Times>
                <Time pos="0">
                  <DepArrTime lsT="1">18:37:00</DepArrTime>
                </Time>
                <Time pos="2">
                  <DepArrTime lsT="1">18:51:00</DepArrTime>
                </Time>
                <Time pos="3">
                  <DepArrTime lsT="1">19:04:00</DepArrTime>
                </Time>
              </Times>
            </Row>
          </Rows>
        </DayType>
        <DayType>
          <DayName>söndag</DayName>
          <Rows>
            <Row>
              <LineNo>7</LineNo>
              <Dir>2</Dir>
              <CallTrip>0</CallTrip>
              <Times>
                <Time pos="0">
                  <DepArrTime lsT="1">19:37:00</DepArrTime>
                </Time>
                <Time pos="2">
                  <DepArrTime lsT="1">19:51:00</DepArrTime>
                </Time>
                <Time pos="3">
                  <DepArrTime lsT="1">20:04:00</DepArrTime>
                </Time>
              </Times>
            </Row>
          </Rows>
        </DayType>
        <DayType>
          <DayName>söndag</DayName>
          <Rows>
            <Row>
              <LineNo>7</LineNo>
              <Dir>2</Dir>
              <CallTrip>0</CallTrip>
              <Times>
                <Time pos="0">
                  <DepArrTime lsT="1">20:37:00</DepArrTime>
                </Time>
                <Time pos="2">
                  <DepArrTime lsT="1">20:51:00</DepArrTime>
                </Time>
                <Time pos="3">
                  <DepArrTime lsT="1">21:04:00</DepArrTime>
                </Time>
              </Times>
            </Row>
          </Rows>
        </DayType>
        <DayType>
          <DayName>söndag</DayName>
          <Rows>
            <Row>
              <LineNo>7</LineNo>
              <Dir>2</Dir>
              <CallTrip>0</CallTrip>
              <Times>
                <Time pos="0">
                  <DepArrTime lsT="1">21:47:00</DepArrTime>
                </Time>
                <Time pos="2">
                  <DepArrTime lsT="1">22:01:00</DepArrTime>
                </Time>
                <Time pos="3">
                  <DepArrTime lsT="1">22:14:00</DepArrTime>
                </Time>
              </Times>
            </Row>
          </Rows>
        </DayType>
      </DayTypes>
      <Footnotes>
        <Footnote>
          <FootnoteId>V</FootnoteId>
          <FootnoteText>Turen avslutas på Vasaplan</FootnoteText>
        </Footnote>
      </Footnotes>
    </Direction>
  </Directions>
</P4WTimetable>